id,node_id,object_type,contractor,name,mount_date,verification_begin_date,verification_end_date,model,vendor,address,description,road_type,power_supply_provider,power_supply_type,is_work,is_online,is_pautina,tower,signs,is_mounted,priority_level,direction,latitude,longitude,info,node_distance,cost
FVF-CRD0419,?,fvf,ГУП РМ НПЦ ИНТ,КПроМ-Стац-PM0419,29.07.2022,13.07.2022,12.07.2024,Кордон Про М,Симикон,"г.Саранск, пер. ул.Волгоградская и ул.Короленко, Мордовия респ.",“Сити-Парк”,М,Дирекция ЖКХ,Круглосуточное ЭП ,,TRUE,TRUE,Существующая,Не нужны,TRUE,1,направить комплекс в сторону центра,54.186161,45.214915,"Самовольное включение, требуется заключить договор",?,?
FVF-CRD0410,?,fvf,ГУП РМ НПЦ ИНТ,КПроМ-Стац-PM0410,09.08.2022,13.07.2022,12.07.2024,Кордон Про М,Симикон,"а/д ""Восточный обход г.Саранска"" (поворот на п.Пушкино), Мордовия респ.",“Пушкино”,Р,УпрДор,Ночное освещение,,TRUE,TRUE,Существующая,Есть,TRUE,2,направить комплекс в сторону Ялга,54.143785,45.186837,"Самовольное включение, требуется заключить договор",?,?
FVF-CRD0427,?,fvf,ГУП РМ НПЦ ИНТ,КПроМ-Стац-PM0427,10.08.2022,13.07.2022,12.07.2024,Кордон Про М,Симикон,"а/д ""Восточный обход г.Саранска"" (поворот на аэропорт ""Саранск""), Мордовия респ.",“Аэропорт”,Р,УпрДор,Ночное освещение,,TRUE,TRUE,Существующая,Произведен монтаж,TRUE,2,направить комплекс в сторону Ялга,54.157725,45.222055,"Самовольное включение, требуется заключить договор",?,?
FVF-CRD0408,?,fvf,ГУП РМ НПЦ ИНТ,КПроМ-Стац-PM0408,11.08.2022,13.07.2022,12.07.2024,Кордон Про М,Симикон,"г.Саранск, Юго-Западное ш., д.4, Мордовия респ.",“АЗС Газпромнефть (Ю-З ш.)”,М,Горсвет,Ночное освещение,,TRUE,TRUE,Произведен монтаж,Не нужны,TRUE,2,направить комплекс в сторону светотехстроя (перевесить),54.180819,45.13104,"Включена, АКБ работает штатно",?,?
FVF-CRD0413,?,fvf,ГУП РМ НПЦ ИНТ,КПроМ-Стац-PM0413,12.08.2022,13.07.2022,12.07.2024,Кордон Про М,Симикон,"г.Саранск, Юго-Западное ш., Мордовия респ.",“После ключаревского поворота (Ю-З ш.)”,М,Горсвет,Ночное освещение,,TRUE,TRUE,Произведен монтаж,Не нужны,TRUE,2,направить комплекс в сторону юго-запада,54.204158,45.118526,"Включена, АКБ работает штатно",?,?
FVF-CRD0426,?,fvf,ГУП РМ НПЦ ИНТ,КПроМ-Стац-PM0426,15.08.2022,13.07.2022,12.07.2024,Кордон Про М,Симикон,"г.Саранск, ул.Победы, д.1В, Мордовия респ.",“АЗС Ситиойл - ЦОП”,М,Горсвет,Ночное освещение,,FALSE,TRUE,Существующая,Не нужны,TRUE,2,направить комплекс в сторону светотехстроя,54.206603,45.133467,"Включена, недозаряд АКБ - демонтаж БПФ",?,?
FVF-CRD0430,?,fvf,ГУП РМ НПЦ ИНТ,КПроМ-Стац-PM0430,15.08.2022,29.06.2022,28.06.2024,Кордон Про М,Симикон,"а/д Р158(г.Н.Новгород-г.Саратов), 276км+300м, Мордовия респ.",“Въезд в Саранск из Лямбирь”,Ф,МРСК,Круглосуточное ЭП ,,FALSE,TRUE,Существующая,Есть,TRUE,1,направить комплекс в сторону Саранск,54.258333,45.132778,"Не включена, заявка на договор в МРСК оправлена",?,?
FVF-CRD0409,?,fvf,ГУП РМ НПЦ ИНТ,КПроМ-Стац-PM0409,16.08.2022,13.07.2022,12.07.2024,Кордон Про М,Симикон,"а/д Р158(г.Н.Новгород-г.Саратов), 270км+900м, Мордовия респ.",“Лямбирь-Спортивная”,Ф,МРСК,Круглосуточное ЭП ,,FALSE,TRUE,Произведен монтаж,Есть,TRUE,1,направить комплекс в сторону Саранск,54.294522,45.082566,"Не включена, заявка на договор в МРСК оправлена",?,?
FVF-CRD0414,?,fvf,ГУП РМ НПЦ ИНТ,КПроМ-Стац-PM0414,16.08.2022,13.07.2022,12.07.2024,Кордон Про М,Симикон,"г.Саранск, ул.Севастопольская, д.2Б, Мордовия респ.",“Мегастрой”,М,Горсвет,Ночное освещение,,FALSE,TRUE,Существующая,Не нужны,TRUE,2,направить комплекс в сторону юго-запада,54.171417,45.208204,"Включена, недозаряд АКБ - демонтаж БПФ",?,?
FVF-CRD0423,?,fvf,ГУП РМ НПЦ ИНТ,КПроМ-Стац-PM0423,17.08.2022,13.07.2022,12.07.2024,Кордон Про М,Симикон,"а/д ""Подъезд к г.Саранск от ФАД М5 ""Урал"", 187км+500м, Мордовия респ.",“М5 Стоянка большегрузов”,Ф,ООО Стройавтотрейд,Круглосуточное ЭП ,,TRUE,TRUE,Произведен монтаж,Произведен монтаж,TRUE,1,направить комплекс в сторону Саранск,54.246003,45.19002,Включена,?,?
FVF-CRD0411,?,fvf,ГУП РМ НПЦ ИНТ,КПроМ-Стац-PM0411,18.08.2022,13.07.2022,12.07.2024,Кордон Про М,Симикон,"а/д г.Саранск-с.Кочкурово-граница с Пензенской обл., 22км+550м (с.Кочкурово), Мордовия респ.",“Въезд в Кочкурово”,Р,СЖО РМ,Круглосуточное ЭП ,,FALSE,TRUE,Существующая,Произведен монтаж,TRUE,3,направить комплекс в сторону Саранск,54.050978,45.437801,"Не включена, требуется заключить договор",?,?
FVF-CRD0424,?,fvf,ГУП РМ НПЦ ИНТ,КПроМ-Стац-PM0424,18.08.2022,13.07.2022,12.07.2024,Кордон Про М,Симикон,"а/д г.Саранск-с.Кочкурово-граница с Пензенской обл., 15км+450м, Мордовия респ.",“Танеевка”,Р,УпрДор,Круглосуточное ЭП ,,TRUE,TRUE,Существующая,Есть,TRUE,2,направить комплекс в сторону Саранск,54.096277,45.366015,"Самовольное включение, требуется заключить договор",?,?
FVF-CRD0406,?,fvf,ГУП РМ НПЦ ИНТ,КПроМ-Стац-PM0406,24.08.2022,13.07.2022,12.07.2024,Кордон Про М,Симикон,"а/д Рузаевка-Ковылкино-Торбеево, ~125км",“Въезд в Торбеево/Дракино”,,УпрДор,Ночное освещение,,FALSE,FALSE,Существующая,Произведен монтаж,TRUE,4,направить комплекс в сторону Торбеево,54.062449,43.259713,"Нет питания, УпрДор - уточнить есть ли возможность",?,?
FVF-CRD0415,?,fvf,ГУП РМ НПЦ ИНТ,КПроМ-Стац-PM0415,24.08.2022,13.07.2022,12.07.2024,Кордон Про М,Симикон,"а/д М-5 Урал, 452-453 км",“М5 Н.Выселки”,,ФедУпрДор,Ночное освещение,,FALSE,FALSE,Существующая,Есть,TRUE,4,направить комплекс в сторону Спасск,54.009824,42.959804,"Нет питания или проблемы с сим-картой, требуется выезд",?,?
FVF-CRD0418,?,fvf,ГУП РМ НПЦ ИНТ,КПроМ-Стац-PM0418,25.08.2022,13.07.2022,12.07.2024,Кордон Про М,Симикон,"а/д М-5 Урал, подъезд к г. Саранск, 157-158км",“М5 с. Старая Обуховка”,,МРСК-сущ,Круглосуточное ЭП ,,FALSE,FALSE,Произведен монтаж,Есть,TRUE,4,направить комплекс в сторону Саранск,54.335519,44.822344,"Самовольное включение, долгий пинг (замена сим-карты)",?,?
FVF-CRD0429,?,fvf,ГУП РМ НПЦ ИНТ,КПроМ-Стац-PM0429,25.08.2022,13.07.2022,12.07.2024,Кордон Про М,Симикон,"г. Саранск, ул. Серова",“Островок безопасности”,,Горсвет,Ночное освещение,,TRUE,FALSE,Произведен монтаж,Не нужны,TRUE,4,направить комплекс в сторону ж/д переезда,54.176306,45.196683,"Включена, проверить 3, 4 сент. работу в дневное время",?,?
FVF-CRD0407,?,fvf,ГУП РМ НПЦ ИНТ,КПроМ-Стац-PM0407,26.08.2022,13.07.2022,12.07.2024,Кордон Про М,Симикон,а/д Обход г. Рузаевка,“Стекольный завод”,,УпрДор,Ночное освещение,,FALSE,FALSE,Произведен монтаж,Произведен монтаж,TRUE,4,направить комплекс в противоположную сторону от Рузаевки,54.084838,44.997251,"Включена, недозаряд АКБ - демонтаж БПФ",?,?
FVF-CRD0421,?,fvf,ГУП РМ НПЦ ИНТ,КПроМ-Стац-PM0421,26.08.2022,13.07.2022,12.07.2024,Кордон Про М,Симикон,"а/д М-5 Урал, подъезд к г. Саранск, 176-177км",“М5 АЗС Башнефть”,,МРСК,Круглосуточное ЭП ,,FALSE,FALSE,Произведен монтаж,Отсутствуют,TRUE,4,направить комплекс в сторону Саранск,54.230115,45.027184,"Не включена, заявка на договор в МРСК оправлена",?,?
FVF-CRD0420,?,fvf,ГУП РМ НПЦ ИНТ,КПроМ-Стац-PM0420,27.08.2022,13.07.2022,12.07.2024,Кордон Про М,Симикон,"г. Саранск, Северо-восточное ш. (около поворота на Тяговую подстанцию)",“Тяговая подстанция”,,Горсвет,Ночное освещение,,TRUE,FALSE,Существующая,Не нужны,TRUE,4,направить в сторону химмаша,54.215843,45.230497,"Включена, проверить 3, 4 сент. работу в дневное время",?,?
FVF-CRD0425,?,fvf,ГУП РМ НПЦ ИНТ,КПроМ-Стац-PM0425,27.08.2022,13.07.2022,12.07.2024,Кордон Про М,Симикон,"г. Саранск, ул. Титова (около поворота на Кабельный завод)",“Кабельный завод”,,Горсвет,Ночное освещение,,TRUE,FALSE,Существующая,Не нужны,TRUE,4,направить в сторону центра,54.212067,45.166698,"Включена, проверить 3, 4 сент. работу в дневное время",?,?
FVF-CRD0416,?,fvf,ГУП РМ НПЦ ИНТ,КПроМ-Стац-PM0416,29.08.2022,13.07.2022,12.07.2024,Кордон Про М,Симикон,"а/д Рузаевка-Ковылкино-Торбеево, 56-62 км",“Коломасово”,,МРСК,Круглосуточное ЭП ,,FALSE,FALSE,Произведен монтаж,Произведен монтаж,TRUE,4,направить комплекс в сторону Саранска,53.986720,44.138680,"Не включена, заявка на договор в МРСК оправлена",?,?
FVF-CRD0422,?,fvf,ГУП РМ НПЦ ИНТ,КПроМ-Стац-PM0422,29.08.2022,13.07.2022,12.07.2024,Кордон Про М,Симикон,"а/д Рузаевка-Ковылкино-Торбеево, ~76 км",“Выезд Ковылкино-Торбеево”,,ТЦ,Круглосуточное ЭП ,,TRUE,FALSE,Произведен монтаж,Произведен монтаж,TRUE,4,направить комплекс в сторону Торбеево,54.018950,43.907617,"Включена, договор заключен",?,?
FVF-CRD0412,?,fvf,ГУП РМ НПЦ ИНТ,КПроМ-Стац-PM0412,30.08.2022,13.07.2022,12.07.2024,Кордон Про М,Симикон,"а/д Ардатов-Большое Игнатово, 8 км",“Октябрьский” (3 опора на въезде),,УпрДор,Круглосуточное ЭП ,,TRUE,FALSE,Существующая,Произведен монтаж,TRUE,4,направить в сторону Саранска,54.895004,46.223006,"Самовольное включение, требуется заключить договор",?,?
FVF-CRD0428,?,fvf,ГУП РМ НПЦ ИНТ,КПроМ-Стац-PM0428,30.08.2022,13.07.2022,12.07.2024,Кордон Про М,Симикон,"а/д Комсомольский - Атяшево - Ардатов, 8-15 км",“Манадыши” (на подъеме),,КФХ Сигнал,Круглосуточное ЭП ,,TRUE,FALSE,Существующая,Есть,TRUE,1,направить в сторону Атяшево,54.567488,45.990948,"Самовольное включение, требуется заключить договор",?,?
FVF-CRD0432,?,fvf,ГУП РМ НПЦ ИНТ,КПроМ-Моб-PM0432,31.08.2022,20.07.2022,19.07.2024,Кордон Про М,Симикон,"а/д М-5 Урал, подъезд к г. Саранск, 17км",“М5 Никольское”,,МРСК-сущ,Круглосуточное ЭП ,,FALSE,FALSE,Произведен монтаж,Есть,TRUE,4,направить в сторону Торбеево,54.052914,43.140403,"Самовольное включение, долгий пинг (замена сим-карты)",?,?
FVF-CRD0431,?,fvf,ГУП РМ НПЦ ИНТ,КПроМ-Моб-PM0431,01.09.2022,13.07.2022,12.07.2024,Кордон Про М,Симикон,"а/д Саранск-Ромоданово-Ичалки-Б.Игнатово, 25-40 км",“АГЗС Ромоданово”,,АГЗС,Ночное освещение,,FALSE,FALSE,Существующая,Произведен монтаж,TRUE,1,направить в сторону Саранска,54.428431,45.316209,"Не включена, требуется заключить договор - возможно переключить на круглосуточное ЭП",?,?
FVF-PLC068,?,fvf,,Место №68 (417),03.09.2022,13.07.2022,12.07.2024,,,"а/д М-5 Урал, 463-464км",“М5 АЗС Газпромнефть”,,АЗС,Ночное освещение,,,,Нужна,Отсутствуют,FALSE,2,направить в сторону Спасска,53.95090921821190,43.09177424639590,?,?,?
FVF-PR003,?,fvf,ООО Аэль РТС,"CR2007, CR2221, CR2229",,,,Перекресток,ООО Элвис Неотек,"Республика Мордовия, г.Саранск, Лямбирское шоссе, 2 км",Планируется к замене,,,,FALSE,,,,,,,,54.23318500000000,45.151948,,?,?
FVF-PR009,?,fvf,ООО Аэль РТС,"CR2202, CR2205",,,,Перекресток,ООО Элвис Неотек,"Республика Мордовия, г.о.Саранск, п.Николаевка, ж/д переезд 19 км Рузаевской дистанции пути",Планируется к замене,,,,FALSE,,,,,,,,54.140093,45.148626,,?,?
FVF-PR002,?,fvf,ООО Аэль РТС,"CR2203, CR2204, CR2224, CR2225",,,,Перекресток,ООО Элвис Неотек,"Республика Мордовия, г.Саранск, пер. ул.Советская и ул.Рабочая
Строим самостоятельно",Планируется к замене,,,,FALSE,,,,,,,,54.180408,45.192638,,?,?
FVF-PR005,?,fvf,ООО Аэль РТС,"CR2206, CR2207",,,,Перекресток,ООО Элвис Неотек,"Республика Мордовия, с.Семилей, ж/д 649 км Рузаевской дистанции пути",Планируется к замене,,,,FALSE,,,,,,,,53.95292400000000,45.350365,,?,?
FVF-PR006,?,fvf,ООО Аэль РТС,"CR2209, CR2211",,,,Перекресток,ООО Элвис Неотек,"Республика Мордовия, г.Саранск, ж/д переезд «Ромодановский» Рузаевской дистанции пути",Планируется к замене,,,,FALSE,,,,,,,,54.208549,45.192338,,?,?
FVF-PR008,?,fvf,ООО Аэль РТС,"CR2210, CR2218",,,,Перекресток,ООО Элвис Неотек,ж/д 589 км станция Хованщина,Планируется к замене,,,,FALSE,,,,,,,,54.06909400000000,44.593839,,?,?
FVF-PR007,?,fvf,ООО Аэль РТС,"CR2212, CR2213",,,,Перекресток,ООО Элвис Неотек,"Республика Мордовия, г.о.Саранск, п.Ялга, ж/д переезд 17 км Рузаевской дистанции пути",Планируется к замене,,,,FALSE,,,,,,,,54.123799,45.134544,,?,?
FVF-PR001,?,fvf,ООО Аэль РТС,"CR2215, CR2216",,,,Перекресток,ООО Элвис Неотек,"Республика Мордовия, г.о.Саранск, п.Зыково, ж/д переезд 12 км Рузаевской дистанции пути",Планируется к замене,,,,FALSE,,,,,,,,54.08787,45.099047,,?,?
FVF-PR004,?,fvf,ООО Аэль РТС,"CR2217, CR2219",,,,Перекресток,ООО Элвис Неотек,"Республика Мордовия, с.Качелай, ж/д 678 км Рузаевской дистанции пути",Планируется к замене,,,,FALSE,,,,,,,,53.93319,45.673491,,?,?
FVF-F016,?,fvf,ООО Аэль РТС,"F101, F111, F114, F143, F152",,,,Форсаж,ООО ИКВА,"Республика Мордовия, г.Саранск, пер. ул.Гагарина и ул.Коммунистическая",,,,,TRUE,,,,,,,,54.185502,45.155999,,?,?
FVF-F020,?,fvf,ООО Аэль РТС,"F102, F131, F144, F162",,,,Форсаж,ООО ИКВА,"Республика Мордовия, г.Саранск, пер. ул.Ботевградская и ул.Советская
Строим самостоятельно",,,,,TRUE,,,,,,,,54.181834,45.17130100000000,,?,?
FVF-F007,?,fvf,ООО Аэль РТС,"F103, F132, F133, F167",,,,Форсаж,ООО ИКВА,"Республика Мордовия, г.Саранск, пер. ул.Б.Хмельницкого и пр.Ленина",,,,,TRUE,,,,,,,,54.186637,45.187729,,?,?
FVF-F021,?,fvf,ООО Аэль РТС,"F104, F169",,,,Форсаж,ООО ИКВА,"Республика Мордовия, г.Саранск, ул.Осипенко, д.81А",,,,,TRUE,,,,,,,,54.160846,45.16549700000000,,?,?
FVF-F015,?,fvf,ООО Аэль РТС,"F105, F106, F110, F115",,,,Форсаж,ООО ИКВА,"Республика Мордовия, г.Саранск, пер. ул.Васенко и ул.Ботевградская",,,,,TRUE,,,,,,,,54.194879,45.17271900000000,,?,?
FVF-F018,?,fvf,ООО Аэль РТС,"F107, F113, F137",,,,Форсаж,ООО ИКВА,"Республика Мордовия, г.о.Саранск, п.Ялга, пер. ул.Пионерская и ул.Российская",,,,,TRUE,,,,,,,,54.126933,45.124991,,?,?
FVF-F017,?,fvf,ООО Аэль РТС,"F108, F116, F120, F147",,,,Форсаж,ООО ИКВА,"Республика Мордовия, г.Саранск, пер. пр.50 лет Октября и ул.М.Расковой",,,,,TRUE,,,,,,,,54.172805,45.144892,,?,?
FVF-F005,?,fvf,ООО Аэль РТС,"F109, F119, F124, F149",,,,Форсаж,ООО ИКВА,"Республика Мордовия, г.Саранск, пер. ул.Коваленко и ул.Воинова",,,,,TRUE,,,,,,,,54.215088,45.118469,,?,?
FVF-F012,?,fvf,ООО Аэль РТС,"F112, F126, F139, F146",,,,Форсаж,ООО ИКВА,"Республика Мордовия, г.Саранск, пер. ул.Полежаева и пр.Ленина",,,,,TRUE,,,,,,,,54.189351,45.18802900000000,,?,?
FVF-F010,?,fvf,ООО Аэль РТС,"F117, F123",,,,Форсаж,ООО ИКВА,"Республика Мордовия, г.о.Саранск, п.Луховка, ул.Октябрьская, д.10",,,,,TRUE,,,,,,,,54.14793,45.245882,,?,?
FVF-F004,?,fvf,ООО Аэль РТС,"F118, F156, F160, F164",,,,Форсаж,ООО ИКВА,"Республика Мордовия, г.Саранск, пер. ул.Титова и ул.Строительная
Строим самостоятельно",,,,,TRUE,,,,,,,,54.204932,45.165954,,?,?
FVF-F009,?,fvf,ООО Аэль РТС,"F121, F125, F145, F158",,,,Форсаж,ООО ИКВА,"Республика Мордовия, г.Саранск, пер. ул.Коммунистическая и ул.Рабочая",,,,,TRUE,,,,,,,,54.18398700000000,45.19320400000000,,?,?
FVF-F001,?,fvf,ООО Аэль РТС,"F122, F140, F166",,,,Форсаж,ООО ИКВА,"Республика Мордовия, г.Саранск, пер. ул.Победы и ул.Коваленко
Строим самостоятельно",,,,,TRUE,,,,,,,,54.208579,45.118284,,?,?
FVF-F013,?,fvf,ООО Аэль РТС,"F127, F128, F135, F172, F174",,,,Форсаж,ООО ИКВА,"Республика Мордовия, г.Саранск, пер. ул.Косарева и ул.Гожувская",,,,,TRUE,,,,,,,,54.194444,45.23830400000000,,?,?
FVF-F008,?,fvf,ООО Аэль РТС,"F129, F130, F134, F138",,,,Форсаж,ООО ИКВА,"Республика Мордовия, г.Саранск, пер. ул.Васенко и пр.Ленина",,,,,TRUE,,,,,,,,54.194413,45.188565,,?,?
FVF-F011,?,fvf,ООО Аэль РТС,"F136, F141, F159, F168",,,,Форсаж,ООО ИКВА,"Республика Мордовия, г.Саранск, пер. ул.Б.Хмельницкого и ул.Пролетарская",,,,,TRUE,,,,,,,,54.186827,45.177082,,?,?
FVF-F002,?,fvf,ООО Аэль РТС,"F142, F150, F151, F153",,,,Форсаж,ООО ИКВА,"Республика Мордовия, г.Саранск, пер. пр.70 лет Октября и ул.Севастопольская",,,,,TRUE,,,,,,,,54.192671,45.2239,,?,?
FVF-F019,?,fvf,ООО Аэль РТС,"F148, F155",,,,Форсаж,ООО ИКВА,"Республика Мордовия, г.Саранск, пер. ул.Коммунистическая и ул.Титова",,,,,TRUE,,,,,,,,54.185285,45.161377,,?,?
FVF-F006,?,fvf,ООО Аэль РТС,"F154, F161, F171, F173",,,,Форсаж,ООО ИКВА,"Республика Мордовия, г.Саранск, пер. ул.Б.Хмельницкого и ул.Ботевградская
Строим самостоятельно",,,,,TRUE,,,,,,,,54.186843,45.171865,,?,?
FVF-F014,?,fvf,ООО Аэль РТС,"F157, F170",,,,Форсаж,ООО ИКВА,"Республика Мордовия, г.Саранск, пер. ул.Полежаева и ул.Большевистская",,,,,TRUE,,,,,,,,54.189474,45.182593,,?,?
FVF-F003,?,fvf,ООО Аэль РТС,"F163, F165",,,,Форсаж,ООО ИКВА,"Республика Мордовия, г.Саранск, пер. ул.Полежаева и ул.Пролетарская",,,,,TRUE,,,,,,,,54.189635,45.177327,,?,?
FVF-P017,?,fvf,ООО Аэль РТС,R018,,,,Поток,ООО РОССИ,"г. Саранск, ул. Лодыгина, д. 4",,,,,TRUE,,,,,,,,54.288264,43.313811,,?,?
FVF-P011,?,fvf,ООО Аэль РТС,"R140, R141, R173, R177",,,,Поток,ООО РОССИ,"Республика Мордовия, г.Саранск, пер. ул.Коммунистическая и пр.Ленина",,,,,TRUE,,,,,,,,54.184087,45.18748700000000,,?,?
FVF-P004,?,fvf,ООО Аэль РТС,"R166, R171",,,,Поток,ООО РОССИ,"Республика Мордовия, г.о.Саранск, п.Ялга, ул.Пионерская, д.39",,,,,TRUE,,,,,,,,54.12936100000000,45.12858300000000,,?,?
FVF-P023,?,fvf,ООО Аэль РТС,"R167, R172",,,,Поток,ООО РОССИ,"Республика Мордовия, г.Саранск, Лямбирское шоссе, д.10А",,,,,TRUE,,,,,,,,54.229506,45.152472,,?,?
FVF-P026,?,fvf,ООО Аэль РТС,R168,,,,Поток,ООО РОССИ,"Республика Мордовия, г.Саранск, пер. ул.Гагарина и ул.Мичурина",,,,,TRUE,,,,,,,,54.17786100000000,45.153278,,?,?
FVF-P025,?,fvf,ООО Аэль РТС,R169,,,,Поток,ООО РОССИ,"Республика Мордовия, г.Саранск, ул.Лодыгина, д.3
Строим самостоятельно",,,,,TRUE,,,,,,,,54.22075,45.15875,,?,?
FVF-P006,?,fvf,ООО Аэль РТС,"R170, R175",,,,Поток,ООО РОССИ,"Республика Мордовия, г.о.Саранск, п.Николаевка, ул.Ленина, д.142",,,,,TRUE,,,,,,,,54.142167,45.144139,,?,?
FVF-P018,?,fvf,ООО Аэль РТС,"R174, R178",,,,Поток,ООО РОССИ,"Республика Мордовия, г.Саранск, ул.Коваленко, д.50А",,,,,TRUE,,,,,,,,54.211275,45.118228,,?,?
FVF-P008,?,fvf,ООО Аэль РТС,"R176, R180",,,,Поток,ООО РОССИ,"Республика Мордовия, г.Саранск, ул.Лодыгина, д.11",,,,,TRUE,,,,,,,,54.223333,45.1925,,?,?
FVF-P027,?,fvf,ООО Аэль РТС,R179,,,,Поток,ООО РОССИ,"Республика Мордовия, г.Саранск, пер. ул.Титова и ул.Мичурина",,,,,TRUE,,,,,,,,54.177469,45.159798,,?,?
FVF-P012,?,fvf,ООО Аэль РТС,R181,,,,Поток,ООО РОССИ,"Республика Мордовия, г.Саранск, пер. ул.Титова и ул.Советская",,,,,TRUE,,,,,,,,54.182667,45.160778,,?,?
FVF-P021,?,fvf,ООО Аэль РТС,R182,,,,Поток,ООО РОССИ,"Республика Мордовия, а/д Р178(г.Саранск-с.Сурское-г.Ульяновск), 9км+900м",,,,,TRUE,,,,,,,,54.22675,45.298611,,?,?
FVF-P029,?,fvf,ООО Аэль РТС,R183,,,,Поток,ООО РОССИ,"Республика Мордовия, а/д Р158(г.Н.Новгород-г.Саратов), 287км+150м",,,,,TRUE,,,,,,,,54.229111,45.018389,,?,?
FVF-P014,?,fvf,ООО Аэль РТС,R184,,,,Поток,ООО РОССИ,"Республика Мордовия, а/д Р180(Подъезд к г.Саранск от ФАД М5 ""Урал""), 8км+950м",,,,,TRUE,,,,,,,,54.231667,45.01533300000000,,?,?
FVF-P002,?,fvf,ООО Аэль РТС,"R185, R188",,,,Поток,ООО РОССИ,"Республика Мордовия, а/д г.Саранск-г.Рузаевка, 20км+900м (г.Рузаевка)",,,,,TRUE,,,,,,,,54.072889,44.991778,,?,?
FVF-P020,?,fvf,ООО Аэль РТС,R186,,,,Поток,ООО РОССИ,"Республика Мордовия, г.Саранск, Северовосточное шоссе, д.15",,,,,TRUE,,,,,,,,54.211361,45.239528,,?,?
FVF-P022,?,fvf,ООО Аэль РТС,R187,,,,Поток,ООО РОССИ,"Республика Мордовия, а/д Р158(г.Н.Новгород-г.Саратов), 277км+550м",,,,,TRUE,,,,,,,,54.24932200000000,45.14675,,?,?
FVF-P028,?,fvf,ООО Аэль РТС,R189,,,,Поток,ООО РОССИ,"Республика Мордовия, а/д г.Саранск-с.Б.Березники-с.Дубенки, 3км+700м (г.Саранск)",,,,,TRUE,,,,,,,,54.19777200000000,45.301472,,?,?
FVF-P005,?,fvf,ООО Аэль РТС,R190,,,,Поток,ООО РОССИ,"Республика Мордовия, г.о.Саранск, п.Луховка, ул.Октябрьская, д.7Б",,,,,TRUE,,,,,,,,54.140028,45.257389,,?,?
FVF-P001,?,fvf,ООО Аэль РТС,R191,,,,Поток,ООО РОССИ,"Республика Мордовия, г.Саранск, Лямбирское шоссе, д.1Б",,,,,TRUE,,,,,,,,54.213531,45.143928,,?,?
FVF-P015,?,fvf,ООО Аэль РТС,R192,,,,Поток,ООО РОССИ,"Республика Мордовия, а/д г.Саранск-п.Ромоданово-с.Ичалки-с.Б.Игнатово, 9км+100м",,,,,TRUE,,,,,,,,54.25210800000000,45.23516100000000,,?,?
FVF-P024,?,fvf,ООО Аэль РТС,"R199, R218",,,,Поток,ООО РОССИ,"Республика Мордовия, г.о.Саранск, п.Луховка, ул.Красная, д.58А",,,,,TRUE,,,,,,,,54.16754300000000,45.225975,,?,?
FVF-P013,?,fvf,ООО Аэль РТС,"R200, R201, R202, R211, R220",,,,Поток,ООО РОССИ,"Республика Мордовия, г.Саранск, пер. ул.Веселовского и ул.Пушкина",,,,,TRUE,,,,,,,,54.224386,45.142082,,?,?
FVF-P016,?,fvf,ООО Аэль РТС,"R203, R207, R208",,,,Поток,ООО РОССИ,"Республика Мордовия, г.Саранск, пер. ул.Лодыгина и ул.Титова
Строим самостоятельно",,,,,TRUE,,,,,,,,54.220621,45.166486,,?,?
FVF-P003,?,fvf,ООО Аэль РТС,"R204, R210, R219, R222",,,,Поток,ООО РОССИ,"Республика Мордовия, г.Саранск, пер. Северовосточное шоссе и Александровское шоссе",,,,,TRUE,,,,,,,,54.22326,45.213094,,?,?
FVF-P019,?,fvf,ООО Аэль РТС,"R205, R209",,,,Поток,ООО РОССИ,"Республика Мордовия, г.Саранск, пер. ул.Энгельса и ул.Попова",,,,,TRUE,,,,,,,,54.172662,45.128758,,?,?
FVF-P010,?,fvf,ООО Аэль РТС,"R206, R212, R215, R221",,,,Поток,ООО РОССИ,"Республика Мордовия, г.Саранск, пер. ул.Полежаева и ул.Титова",,,,,TRUE,,,,,,,,54.19018,45.16197200000000,,?,?
FVF-P009,?,fvf,ООО Аэль РТС,R213,,,,Поток,ООО РОССИ,"г.Рузаевка, Школьный бульвар, д.2Б",,,,,TRUE,,,,,,,,54.07315900000000,44.975671,,?,?
FVF-P007,?,fvf,ООО Аэль РТС,"R214, R216, R217, R223",,,,Поток,ООО РОССИ,"Республика Мордовия, г.Саранск, пер. ул.Полежаева и ул.Ботевградская",,,,,TRUE,,,,,,,,54.189837,45.172129,,?,?
FVF-V048,?,fvf,ООО Аэль РТС,RM001,,,,Вокорд,ЗАО Вокорд Телеком,"Республика Мордовия, г.Саранск, ул.Победы, д.3А",,,,,TRUE,,,,,,,,54.208278,45.126778,,?,?
FVF-V025,?,fvf,ООО Аэль РТС,RM003,,,,Вокорд,ЗАО Вокорд Телеком,"Республика Мордовия, г.Саранск, пер. ул.Косарева и ул.Сущинского",,,,,TRUE,,,,,,,,54.199847,45.247492,,?,?
FVF-V019,?,fvf,ООО Аэль РТС,RM004,,,,Вокорд,ЗАО Вокорд Телеком,"Республика Мордовия, г.Саранск, ул.Московская, д.14",,,,,TRUE,,,,,,,,54.177667,45.185972,,?,?
FVF-V024,?,fvf,ООО Аэль РТС,RM005,,,,Вокорд,ЗАО Вокорд Телеком,"Республика Мордовия, г.Саранск, пер. ул.Веселовского и ул.Семашко",,,,,TRUE,,,,,,,,54.225889,45.130417,,?,?
FVF-V043,?,fvf,ООО Аэль РТС,RM006,,,,Вокорд,ЗАО Вокорд Телеком,"Республика Мордовия, г.Саранск, пер. ул.Полежаева и пер.Чернышевского",,,,,TRUE,,,,,,,,54.196028,45.140444,,?,?
FVF-V049,?,fvf,ООО Аэль РТС,RM007,,,,Вокорд,ЗАО Вокорд Телеком,"Республика Мордовия, г.Саранск, ул.Волгоградская, д.163",,,,,TRUE,,,,,,,,54.18531,45.230127,,?,?
FVF-V055,?,fvf,ООО Аэль РТС,RM008,,,,Вокорд,ЗАО Вокорд Телеком,"Республика Мордовия, г.Саранск, пер. ул.Коммунистическая и ул.Большевистская
Строим самостоятельно",,,,,TRUE,,,,,,,,54.184389,45.182167,,?,?
FVF-V036,?,fvf,ООО Аэль РТС,RM009,,,,Вокорд,ЗАО Вокорд Телеком,"Республика Мордовия, г.Саранск, пер. пр.60 лет Октября и б-р Веденяпиных",,,,,TRUE,,,,,,,,54.220417,45.136639,,?,?
FVF-V006,?,fvf,ООО Аэль РТС,RM010,,,,Вокорд,ЗАО Вокорд Телеком,"Республика Мордовия, г.Саранск, пр.60 лет Октября, д.81
Строим самостоятельно",,,,,TRUE,,,,,,,,54.22047200000000,45.134194,,?,?
FVF-V029,?,fvf,ООО Аэль РТС,RM011,,,,Вокорд,ЗАО Вокорд Телеком,"Республика Мордовия, г.Саранск, ул.Полежаева, д.120",,,,,TRUE,,,,,,,,54.191917,45.153917,,?,?
FVF-V044,?,fvf,ООО Аэль РТС,RM013,,,,Вокорд,ЗАО Вокорд Телеком,"Республика Мордовия, ФАД М5 ""Урал"", 445км+100м (с.Аким-Сергеевка)",,,,,TRUE,,,,,,,,54.048953,42.89082,,?,?
FVF-V023,?,fvf,ООО Аэль РТС,RM014,,,,Вокорд,ЗАО Вокорд Телеком,"Республика Мордовия, а/д Р158(г.Н.Новгород-г.Саратов), 255км+800м (с.Первомайское)",,,,,TRUE,,,,,,,,54.42314400000000,45.032697,,?,?
FVF-V010,?,fvf,ООО Аэль РТС,RM015,,,,Вокорд,ЗАО Вокорд Телеком,"Республика Мордовия, а/д Р180(Подъезд к г.Саранск от ФАД М5 ""Урал""), 162км+50м (п.Торбеево)",,,,,TRUE,,,,,,,,54.089612,43.253459,,?,?
FVF-V056,?,fvf,ООО Аэль РТС,RM016,,,,Вокорд,ЗАО Вокорд Телеком,"Республика Мордовия, ФАД М5 ""Урал"", 427км+550м (п.Умет)",,,,,TRUE,,,,,,,,54.128386,42.6881,,?,?
FVF-V051,?,fvf,ООО Аэль РТС,RM017,,,,Вокорд,ЗАО Вокорд Телеком,"Республика Мордовия, а/д Р180(Подъезд к г.Саранск от ФАД М5 ""Урал""), 170км+650м (с.Никольское)",,,,,TRUE,,,,,,,,54.052414,43.138703,,?,?
FVF-V008,?,fvf,ООО Аэль РТС,RM018,,,,Вокорд,ЗАО Вокорд Телеком,"Республика Мордовия, а/д Р180(Подъезд к г.Саранск от ФАД М5 ""Урал""), 138км+500м (с.Каменка)",,,,,TRUE,,,,,,,,54.288264,43.313811,,?,?
FVF-V001,?,fvf,ООО Аэль РТС,RM019,,,,Вокорд,ЗАО Вокорд Телеком,"Республика Мордовия, ФАД М5 ""Урал"", 438км+200м (пгт.Зубова Поляна)",,,,,TRUE,,,,,,,,54.073611,42.811667,,?,?
FVF-V052,?,fvf,ООО Аэль РТС,RM020,,,,Вокорд,ЗАО Вокорд Телеком,"Республика Мордовия, г.Саранск, пер. ул.Косарева и ул.Т.Бибиной",,,,,TRUE,,,,,,,,54.20119200000000,45.249955,,?,?
FVF-V033,?,fvf,ООО Аэль РТС,RM021,,,,Вокорд,ЗАО Вокорд Телеком,"Республика Мордовия, г.Саранск, пер. ул.Полежаева и ул.Чапаева",,,,,TRUE,,,,,,,,54.192713,45.150243,,?,?
FVF-V037,?,fvf,ООО Аэль РТС,RM022,,,,Вокорд,ЗАО Вокорд Телеком,"Республика Мордовия, а/д г.Саранск-п.Ромоданово-с.Ичалки-с.Б.Игнатово, 59км+100м (с.Рождественно)",,,,,TRUE,,,,,,,,54.675872,45.29509200000000,,?,?
FVF-V059,?,fvf,ООО Аэль РТС,RM023,,,,Вокорд,ЗАО Вокорд Телеком,"Республика Мордовия, а/д г.Саранск-п.Ромоданово-с.Ичалки-с.Б.Игнатово, 42км+800м",,,,,TRUE,,,,,,,,54.538058,45.361667,,?,?
FVF-V012,?,fvf,ООО Аэль РТС,RM024,,,,Вокорд,ЗАО Вокорд Телеком,"Республика Мордовия, г.Саранск, пер. Лямбирское шоссе и ул.Строительная",,,,,TRUE,,,,,,,,54.205062,45.138908,,?,?
FVF-V002,?,fvf,ООО Аэль РТС,RM025,,,,Вокорд,ЗАО Вокорд Телеком,"Республика Мордовия, а/д Р178(г.Саранск-с.Сурское-г.Ульяновск), 13км+550м (с.Аксеново)",,,,,TRUE,,,,,,,,54.252167,45.332203,,?,?
FVF-V017,?,fvf,ООО Аэль РТС,RM026,,,,Вокорд,ЗАО Вокорд Телеком,"Республика Мордовия, г.Саранск, пер. ул.Осипенко и ул.Б.Академическая",,,,,TRUE,,,,,,,,54.15689500000000,45.16416700000000,,?,?
FVF-V038,?,fvf,ООО Аэль РТС,RM027,,,,Вокорд,ЗАО Вокорд Телеком,"Республика Мордовия, а/д г.Саранск-п.Ромоданово-с.Ичалки-с.Б.Игнатово, 18км+50м",,,,,TRUE,,,,,,,,54.332778,45.246944,,?,?
FVF-V031,?,fvf,ООО Аэль РТС,RM029,,,,Вокорд,ЗАО Вокорд Телеком,"Республика Мордовия, а/д Р178(г.Саранск-с.Сурское-г.Ульяновск), 82км+800м",,,,,TRUE,,,,,,,,54.423527,46.299732,,?,?
FVF-V040,?,fvf,ООО Аэль РТС,RM030,,,,Вокорд,ЗАО Вокорд Телеком,"Республика Мордовия, а/д г.Рузаевка-г.Ковылкино-п.Торбеево, 39км+100м (с.Латышовка)",,,,,TRUE,,,,,,,,53.95426700000000,44.411533,,?,?
FVF-V042,?,fvf,ООО Аэль РТС,RM031,,,,Вокорд,ЗАО Вокорд Телеком,"Республика Мордовия, а/д г.Рузаевка-г.Ковылкино-п.Торбеево, 17км+500м",,,,,TRUE,,,,,,,,53.998076,44.721189,,?,?
FVF-V053,?,fvf,ООО Аэль РТС,RM032,,,,Вокорд,ЗАО Вокорд Телеком,"Республика Мордовия, а/д Р180(Подъезд к г.Саранск от ФАД М5 ""Урал""), 70км+250м",,,,,TRUE,,,,,,,,54.335931,44.199644,,?,?
FVF-V054,?,fvf,ООО Аэль РТС,RM033,,,,Вокорд,ЗАО Вокорд Телеком,"Республика Мордовия, а/д Р158(г.Н.Новгород-г.Саратов), 276км+300м",,,,,TRUE,,,,,,,,54.25833300000000,45.132778,,?,?
FVF-V039,?,fvf,ООО Аэль РТС,RM034,,,,Вокорд,ЗАО Вокорд Телеком,"Республика Мордовия, а/д г.Саранск-п.Ромоданово-с.Ичалки-с.Б.Игнатово, 21км+700м",,,,,TRUE,,,,,,,,54.33255200000000,45.246565,,?,?
FVF-V007,?,fvf,ООО Аэль РТС,RM035,,,,Вокорд,ЗАО Вокорд Телеком,"Республика Мордовия, а/д Р178(г.Саранск-с.Сурское-г.Ульяновск), 40км",,,,,TRUE,,,,,,,,54.36138900000000,45.673056,,?,?
FVF-V013,?,fvf,ООО Аэль РТС,RM036,,,,Вокорд,ЗАО Вокорд Телеком,"Республика Мордовия, а/д Р180(Подъезд к г.Саранск от ФАД М5 ""Урал""), 78км+450м",,,,,TRUE,,,,,,,,54.356453,44.076453,,?,?
FVF-V041,?,fvf,ООО Аэль РТС,RM037,,,,Вокорд,ЗАО Вокорд Телеком,"Республика Мордовия, а/д г.Саранск-г.Рузаевка, 13км+550м",,,,,TRUE,,,,,,,,54.08989,45.099831,,?,?
FVF-V009,?,fvf,ООО Аэль РТС,RM038,,,,Вокорд,ЗАО Вокорд Телеком,"Республика Мордовия, г.Саранск, ул.Волгоградская, д.51",,,,,TRUE,,,,,,,,54.18491300000000,45.208008,,?,?
FVF-V045,?,fvf,ООО Аэль РТС,RM039,,,,Вокорд,ЗАО Вокорд Телеком,"Республика Мордовия, г.Саранск, пер. ул.Московская и ул.Республиканская
Строим самостоятельно",,,,,TRUE,,,,,,,,54.172183,45.18741900000000,,?,?
FVF-V057,?,fvf,ООО Аэль РТС,RM040,,,,Вокорд,ЗАО Вокорд Телеком,"Республика Мордовия, г.Саранск, пер. пр.50 лет Октября и ул.Серадзская",,,,,TRUE,,,,,,,,54.174964,45.138342,,?,?
FVF-V014,?,fvf,ООО Аэль РТС,RM041,,,,Вокорд,ЗАО Вокорд Телеком,"Республика Мордовия, г.Саранск, пер. ул.Васенко и ул.Пролетарская
Строим самостоятельно",,,,,TRUE,,,,,,,,54.194774,45.178171,,?,?
FVF-V032,?,fvf,ООО Аэль РТС,RM042,,,,Вокорд,ЗАО Вокорд Телеком,"Республика Мордовия, г.Саранск, пер. ул.Гагарина и ул.Ульянова",,,,,TRUE,,,,,,,,54.163454,45.151225,,?,?
FVF-V034,?,fvf,ООО Аэль РТС,RM043,,,,Вокорд,ЗАО Вокорд Телеком,"Республика Мордовия, г.Саранск, пер. ул.Коммунистическая и ул.Пролетарская
Строим самостоятельно",,,,,TRUE,,,,,,,,54.184585,45.176882,,?,?
FVF-V003,?,fvf,ООО Аэль РТС,RM044,,,,Вокорд,ЗАО Вокорд Телеком,"Республика Мордовия, г.Саранск, пер. ул.Гагарина и пр.50 лет Октября",,,,,TRUE,,,,,,,,54.171111,45.152344,,?,?
FVF-V004,?,fvf,ООО Аэль РТС,RM045,,,,Вокорд,ЗАО Вокорд Телеком,"Республика Мордовия, а/д Р178(г.Саранск-с.Сурское-г.Ульяновск), 25км+650м (с.Пятина)",,,,,TRUE,,,,,,,,54.31833300000000,45.47444400000000,,?,?
FVF-V058,?,fvf,ООО Аэль РТС,RM046,,,,Вокорд,ЗАО Вокорд Телеком,"Республика Мордовия, а/д Р158(г.Н.Новгород-г.Саратов), 304км+300м",,,,,TRUE,,,,,,,,54.108333,44.880317,,?,?
FVF-V028,?,fvf,ООО Аэль РТС,RM047,,,,Вокорд,ЗАО Вокорд Телеком,"Республика Мордовия, а/д Р158(г.Н.Новгород-г.Саратов), 308км+800м",,,,,TRUE,,,,,,,,54.068608,44.878059,,?,?
FVF-V011,?,fvf,ООО Аэль РТС,RM048,,,,Вокорд,ЗАО Вокорд Телеком,"Республика Мордовия, а/д Р180(Подъезд к г.Саранск от ФАД М5 ""Урал""), 26км+700м",,,,,TRUE,,,,,,,,54.335617,44.822767,,?,?
FVF-V022,?,fvf,ООО Аэль РТС,RM049,,,,Вокорд,ЗАО Вокорд Телеком,"Республика Мордовия, а/д Р180(Подъезд к г.Саранск от ФАД М5 ""Урал""), 129км+550м",,,,,TRUE,,,,,,,,54.337496,43.417438,,?,?
FVF-V035,?,fvf,ООО Аэль РТС,RM050,,,,Вокорд,ЗАО Вокорд Телеком,"Республика Мордовия, г.Рузаевка, пер. ул.Луначарского и ул.Красноармейская",,,,,TRUE,,,,,,,,54.06849500000000,44.938467,,?,?
FVF-V046,?,fvf,ООО Аэль РТС,RM051,,,,Вокорд,ЗАО Вокорд Телеком,"Республика Мордовия, а/д Р180(Подъезд к г.Саранск от ФАД М5 ""Урал""), 96км+700м",,,,,TRUE,,,,,,,,54.401176,43.821584,,?,?
FVF-V027,?,fvf,ООО Аэль РТС,RM052,,,,Вокорд,ЗАО Вокорд Телеком,"Республика Мордовия, г.Саранск, пер. ул.Полежаева и ул.Гагарина",,,,,TRUE,,,,,,,,54.19072000000000,45.15945000000000,,?,?
FVF-V050,?,fvf,ООО Аэль РТС,RM053,,,,Вокорд,ЗАО Вокорд Телеком,"Республика Мордовия, г.Саранск, пер. ул.Васенко и ул.Большевистская",,,,,TRUE,,,,,,,,54.19454400000000,45.183058,,?,?
FVF-V016,?,fvf,ООО Аэль РТС,RM054,,,,Вокорд,ЗАО Вокорд Телеком,"Республика Мордовия, г.Саранск, пер. ул.Лодыгина и ул.Пролетарская",,,,,TRUE,,,,,,,,54.22063700000000,45.180731,,?,?
FVF-V026,?,fvf,ООО Аэль РТС,RM055,,,,Вокорд,ЗАО Вокорд Телеком,"Республика Мордовия, г.Саранск, пер. ул.Невского и ул.Новая",,,,,TRUE,,,,,,,,54.169948,45.171955,,?,?
FVF-V047,?,fvf,ООО Аэль РТС,RM056,,,,Вокорд,ЗАО Вокорд Телеком,"Республика Мордовия, г.Саранск, пер. ул.Республиканская и ул.Грузинская",,,,,TRUE,,,,,,,,54.172583,45.173976,,?,?
FVF-V020,?,fvf,ООО Аэль РТС,RM057,,,,Вокорд,ЗАО Вокорд Телеком,"Республика Мордовия, г.Саранск, пер. ул.Коммунистическая и ул.Ботевградская",,,,,TRUE,,,,,,,,54.184802,45.171696,,?,?
FVF-V030,?,fvf,ООО Аэль РТС,RM058,,,,Вокорд,ЗАО Вокорд Телеком,"Республика Мордовия, г.Саранск, ул.А.Невского (между ул.Ворошилова и ул.Пожарского)",,,,,TRUE,,,,,,,,54.16959,45.19155300000000,,?,?
FVF-V018,?,fvf,ООО Аэль РТС,RM059,,,,Вокорд,ЗАО Вокорд Телеком,"Республика Мордовия, г.Саранск, ул.Победы, д.16А",,,,,TRUE,,,,,,,,54.20864300000000,45.11316100000000,,?,?
FVF-V015,?,fvf,ООО Аэль РТС,RM060,,,,Вокорд,ЗАО Вокорд Телеком,"Республика Мордовия, г.Саранск, пер. а/д Р180 и Александровское шоссе",,,,,TRUE,,,,,,,,54.24653900000000,45.235738,,?,?
FVF-ST001,?,fvf,ГУП РМ НПЦ ИНТ,S001-102000440219,,,,Стрелка-М,СтройИнвестПроект,Автомобильная дорога Р-158 313+100 км+м,,,,,TRUE,,,,,,,,54.034477683144300,44.90070012228530,,?,?
FVF-ST002,?,fvf,ГУП РМ НПЦ ИНТ,S002-102000510219,,,,Стрелка-М,СтройИнвестПроект,Автомобильная дорога Р-158 313+000 км+м,,,,,TRUE,,,,,,,,54.03534923707320,44.89935901777790,,?,?
FVF-ST003,?,fvf,ГУП РМ НПЦ ИНТ,S003-102000570219,,,,Стрелка-М,СтройИнвестПроект,Автомобильная дорога Р-158 287+200 км+м,,,,,TRUE,,,,,,,,54.228675641620000,45.01806285994110,,?,?
FVF-ST004,?,fvf,ГУП РМ НПЦ ИНТ,S004-102000520219,,,,Стрелка-М,СтройИнвестПроект,Автомобильная дорога Р-178 82+530 км+м,,,,,TRUE,,,,,,,,54.423405323673200,46.296907931733800,,?,?
FVF-ST005,?,fvf,ГУП РМ НПЦ ИНТ,S005-102000610219,,,,Стрелка-М,СтройИнвестПроект,Автомобильная дорога Р-178 82+580 км+м,,,,,TRUE,,,,,,,,54.42360552084480,46.29750874655310,,?,?
FVF-ST006,?,fvf,ГУП РМ НПЦ ИНТ,S006-102000590219,,,,Стрелка-М,СтройИнвестПроект,Подъезд к г. Саранск от М-5 76+680 км+м,,,,,TRUE,,,,,,,,54.43174382740730,43.69637754576310,,?,?
FVF-ST007,?,fvf,ГУП РМ НПЦ ИНТ,S007-102000410219,,,,Стрелка-М,СтройИнвестПроект,Автомобильная дорога Р-158 266+150 км+м,Рубеж не работает,,,,FALSE,,,,,,,,54.33110378789030,45.06211546080250,,?,?
FVF-ST008,?,fvf,ГУП РМ НПЦ ИНТ,S008-102000600219,,,,Стрелка-М,СтройИнвестПроект,Подъезд к г. Саранск от М-5 21+800 км+м,Рубеж не работает,,,,FALSE,,,,,,,,54.08711054397030,43.23524144308730,,?,?
FVF-ST009,?,fvf,ГУП РМ НПЦ ИНТ,S009-102000470219,,,,Стрелка-М,СтройИнвестПроект,Подъезд к г. Саранск от М-5 21+600 км+м,,,,,TRUE,,,,,,,,54.086694237690900,43.23171702044190,,?,?
FVF-ST010,?,fvf,ГУП РМ НПЦ ИНТ,S010-102000460219,,,,Стрелка-М,СтройИнвестПроект,"Подъезд к г. Саранск от М-5, обход г. Краснослободск 80+700 км+м",,,,,TRUE,,,,,,,,54.42693986664830,43.71258345263210,,?,?
FVF-ST011,?,fvf,ГУП РМ НПЦ ИНТ,S011-102000450219,,,,Стрелка-М,СтройИнвестПроект,"Подъезд к г. Саранск от М-5, обход г. Краснослободск 89+500  км+м",,,,,TRUE,,,,,,,,54.39129212210130,43.82715770606030,,?,?
FVF-ST012,?,fvf,ГУП РМ НПЦ ИНТ,S012-102000530219,,,,Стрелка-М,СтройИнвестПроект,"Подъезд к г. Саранск от М-5, обход г. Краснослободск 89+500 км+м",,,,,TRUE,,,,,,,,54.391104288668,43.82714161280620,,?,?
FVF-ST013,?,fvf,ГУП РМ НПЦ ИНТ,S013-102000210219,,,,Стрелка-М,СтройИнвестПроект,Автомобильная дорога Р-178 25+650 км+м,Рубеж не работает,,,,FALSE,,,,,,,,54.318200481844100,45.474565118589900,,?,?
FVF-ST014,?,fvf,ГУП РМ НПЦ ИНТ,S014-102000290219,,,,Стрелка-М,СтройИнвестПроект,Автомобильная дорога Р-178 13+800 км+м,,,,,TRUE,,,,,,,,54.25339720392970,45.334612816611200,,?,?
FVF-ST015,?,fvf,ГУП РМ НПЦ ИНТ,S015-102000230219,,,,Стрелка-М,СтройИнвестПроект,Автомобильная дорога Р-178 12+980 км+м,,,,,TRUE,,,,,,,,54.24901826355050,45.327032893935300,,?,?
FVF-ST016,?,fvf,ГУП РМ НПЦ ИНТ,S016-102000560219,,,,Стрелка-М,СтройИнвестПроект,Автомобильная дорога Р-178 8+600 км+м,,,,,TRUE,,,,,,,,54.21831487634920,45.28584489230300,,?,?
FVF-ST017,?,fvf,ГУП РМ НПЦ ИНТ,S017-102000620219,,,,Стрелка-М,СтройИнвестПроект,Автомобильная дорога Р-178 9+050 км+м,,,,,TRUE,,,,,,,,54.22087384449040,45.29052266482500,,?,?
FVF-ST018,?,fvf,ГУП РМ НПЦ ИНТ,S018-102000550219,,,,Стрелка-М,СтройИнвестПроект,Подъезд к г. Саранск от М-5 194+700 км+м,,,,,TRUE,,,,,,,,54.220572058017300,45.28535136584430,,?,?
FVF-ST019,?,fvf,ГУП РМ НПЦ ИНТ,S019-102000540219,,,,Стрелка-М,СтройИнвестПроект,Подъезд к г. Саранск от М-5 185+400 км+м,,,,,TRUE,,,,,,,,54.2434386787937,45.15295752886940,,?,?
FVF-ST020,?,fvf,ГУП РМ НПЦ ИНТ,S020-102000630219,,,,Стрелка-М,СтройИнвестПроект,Подъезд к г. Саранск от М-5 185+160 км+м,,,,,TRUE,,,,,,,,54.24068630705660,45.150339692870800,,?,?
FVF-ST021,?,fvf,ГУП РМ НПЦ ИНТ,S021-102000580219,,,,Стрелка-М,СтройИнвестПроект,Подъезд к г. Саранск от М-5 185+020 км+м,,,,,TRUE,,,,,,,,54.24298624680450,45.14761456851170,,?,?
FVF-ST022,?,fvf,ГУП РМ НПЦ ИНТ,S022-102000260219,,,,Стрелка-М,СтройИнвестПроект,Автомобильная дорога Р-158 278+060 км+м,,,,,TRUE,,,,,,,,54.24508498652610,45.149653047363,,?,?
FVF-ST023,?,fvf,ГУП РМ НПЦ ИНТ,S023-102000420219,,,,Стрелка-М,СтройИнвестПроект,Подъезд к г. Саранск от М-5 46+220 км+м,,,,,TRUE,,,,,,,,54.288870124879100,43.31424960498030,,?,?
FVF-V005,?,fvf,ООО Аэль РТС,W5078,,,,Вокорд Циклоп,ЗАО Вокорд Телеком,"Республика Мордовия, ФАД М5 ""Урал"", 451км (с.Новые Выселки)",,,,,TRUE,,,,,,,,54.01250900000000,42.95143,,?,?
FVF-V021,?,fvf,ООО Аэль РТС,W5078/1,,,,Вокорд Циклоп,ЗАО Вокорд Телеком,"Республика Мордовия, а/д Р180(Подъезд к г.Саранск от ФАД М5 ""Урал""), 21км+750м",,,,,TRUE,,,,,,,,54.307952,44.878165,,?,?
FVF-R001,?,fvf,ООО Аэль РТС,Робот MultаRadar  593-072/71199,,,,MultаRadar,ООО Трафитек,"Республика Мордовия, г. Саранск, ул. Ульянова ,85",Планируется к замене,,,,FALSE,,,,,,,,54.166259,45.141203,,?,?
