node_id,object_type,type,owner,name,address,description,latitude,longitude,node_distance,cost
?,ivn,telecom-unit,rm,Щит связи для 1 рубежа,"г. Саранск, ул. Володарского, 2",Жилое здание,54.18172860161450,45.18929221287110,?,?
?,ivn,telecom-unit,rm,Щит связи для 2 рубежа,"г. Саранск, ул. Володарского, 7",Жилое здание,54.18310835863410,45.19016661301010,?,?
?,ivn,telecom-unit,rm,"Щит связи для 3, 7 и 79 рубежей","г. Саранск, ул. Б.Хмельницкого, 36",Здание Театра оперы и балета,54.18619902444600,45.18041502957370,?,?
?,ivn,telecom-unit,rm,Щит связи для 4 рубежа,"г. Саранск, ул. Большевистская, 2",Жилое здание,54.17996332632780,45.18047847404820,?,?
?,ivn,telecom-unit,rm,Щит связи для 5 рубежа,"г. Саранск, ул. Большевистская, 25",Жилое здание,54.1832241383519,45.18251963510750,?,?
?,ivn,telecom-unit,rm,Щит связи для 6 рубежа,"г. Саранск, ул. Васенко, 2",Жилое здание,54.19400098239070,45.18812813415750,?,?
?,ivn,telecom-unit,rm,Щит связи для 6 рубежа,"г. Саранск, ул. Васенко, 1",Жилое здание,54.1949053475724,45.18813618078450,?,?
?,ivn,telecom-unit,rm,Щит связи для 8 рубежа,"г. Саранск, ул. Ботевградская, 21",Здание Поликлиники №3,54.18252876101650,45.17197587146960,?,?
?,ivn,telecom-unit,rm,Щит связи для 9 и 3 - БИО рубежей,"г. Саранск, Аэропорт Терминал 1","Здание Аэропорта, Терминал 1",54.14765044505080,45.22173353090450,?,?
?,ivn,telecom-unit,rm,Щит связи для 10 рубежа,"г. Саранск, ул. Веселовского, 59а",Жилое здание,54.22184473598800,45.12306310787340,?,?
?,ivn,telecom-unit,rm,Щит связи для 11 рубежа,"г. Саранск, ул. Ботевградская, 65",Жилое здание,54.18715075367570,45.17246064756710,?,?
?,ivn,telecom-unit,rm,Щит связи для 12 рубежа,"г. Саранск, ул. Б.Хмельницкого, 35а",Здание Саранск Арена,54.18834156370080,45.18475857589930,?,?
?,ivn,telecom-unit,rm,Щит связи для 13 рубежа,"г. Саранск, ул. Б.Хмельницкого, 35а",Здание Саранск Арена,54.18794515546500,45.18388685797030,?,?
?,ivn,telecom-unit,rm,Щит связи для 14 рубежа,"г. Саранск, ул. Б.Хмельницкого, 26",Здание Пушкинской библиотеки,54.18579315611170,45.18436965559290,?,?
?,ivn,telecom-unit,rm,"Щит связи для 15, 16 и 87 рубежей","г. Саранск, ул. Б.Хмельницкого, 24",Жилое здание,54.18655297571610,45.18614527796070,?,?
?,ivn,telecom-unit,rm,Щит связи для 17 рубежа,"г. Саранск, ул. Б.Хмельницкого, 39",Здание МГУ им. Огарева (ФЭТ),54.18712873029450,45.17903742407110,?,?
?,ivn,telecom-unit,rm,Щит связи для 18 рубежа,"г. Саранск, ул. Б.Хмельницкого, 40",Жилое здание,54.18650892831820,45.17551836584340,?,?
?,ivn,telecom-unit,rm,Щит связи для 19 и 123 рубежей,"г. Саранск, ул. Пролетерская, 21",Здание Администрации Ленинского р-на,54.18101997209540,45.17724302623970,?,?
?,ivn,telecom-unit,rm,Щит связи для 20 рубежа,"г. Саранск, ул. Дальняя, 3а",Здание Станции переливания крови,54.18865145199490,45.15372005317880,?,?
?,ivn,telecom-unit,rm,"Щит связи для 21, 24 рубежей","г. Саранск, ул. Коммунистическая, 34","Здание ПАО ""Ростелеком""",54.18400760321500,45.18481222007960,?,?
?,ivn,telecom-unit,rm,Щит связи для 22 рубежа,"г. Саранск, ул. Коммунистическая, 59а",Жилое здание,54.18486499238460,45.18155870054360,?,?
?,ivn,telecom-unit,rm,Щит связи для 23 рубежа,"г. Саранск, ул. Московская, 14",Здание Торгово-промышленной палаты,54.1774955784574,45.18673268173430,?,?
?,ivn,telecom-unit,rm,Щит связи для 25 рубежа,"г. Саранск, ул. Рабочая, 13",Жилое здание,54.18201901951900,45.19323972080300,?,?
?,ivn,telecom-unit,rm,Щит связи для 26 рубежа,"г. Саранск, ул. Коммунистическая, 89",Здание Мордовгражданпроект,54.18557763502550,45.16769436214600,?,?
?,ivn,telecom-unit,rm,Щит связи для 27 рубежа,"г. Саранск, ул. Коммунистическая, 50",Здание Минсельхоз,54.18403434708340,45.18077549550960,?,?
?,ivn,telecom-unit,rm,"Щит связи для 84, 28, 45 рубежей","г. Саранск, ул. Льва Толстого, 8",Жилое здание,54.18300388372260,45.18471566055350,?,?
?,ivn,telecom-unit,rm,"Щит связи для 52, 28 рубежей","г. Саранск, ул. Льва Толстого, 2",Здание Прокуратуры,54.18157377764100,45.1846083721929,?,?
?,ivn,telecom-unit,rm,Щит связи для 29 рубежа,"г. Саранск, ул. Коммунистическая, 52",Жилое здание,54.18406423754030,45.178881855944,?,?
?,ivn,telecom-unit,rm,Щит связи для 30 рубежа,"г. Саранск, ул. Коммунистическая, 33а",Здание Минфина,54.18498298011140,45.18692580078150,?,?
?,ivn,telecom-unit,rm,Щит связи для 31 рубежа,"г. Саранск, ул. Ст.Разина, 33",Жилое здание,54.18949773326590,45.16693261478450,?,?
?,ivn,telecom-unit,rm,Щит связи для 32 рубежа,"г. Саранск, ул. Коммунистическая, 10",Жилое здание,54.18371970432750,45.19096520755790,?,?
?,ivn,telecom-unit,rm,Щит связи для 33 рубежа,"г. Саранск, ул. Коммунистическая, 16",Жилое здание,54.18367408093410,45.18869605873130,?,?
?,ivn,telecom-unit,rm,Щит связи для 34 рубежа,"г. Саранск, пр. Ленина, 1",Жилое здание,54.18193091505220,45.18777606103910,?,?
?,ivn,telecom-unit,rm,"Щит связи для 35, 36 рубежей","г. Саранск, пр. Ленина, 13",Жилое здание,54.18634824731410,45.1881992743257,?,?
?,ivn,telecom-unit,rm,Щит связи для 37 рубежа,"г. Саранск, пр. Ленина, 27а",Жилое здание,54.19193401277150,45.18894224622270,?,?
?,ivn,telecom-unit,rm,Щит связи для 37 рубежа,"г. Саранск, пр. Ленина, 31",Жилое здание,54.19105946811060,45.18880277135380,?,?
?,ivn,telecom-unit,rm,Щит связи для 38 рубежа,"г. Саранск, пр. Ленина, 30а",Жилое здание,54.19210860479800,45.18774329879260,?,?
?,ivn,telecom-unit,rm,"Щит связи для 39, 2 - БИО и 2 - БИО-2 рубежей","г. Саранск, ул. Вокзальная, 7",Здание ж/д вокзала,54.19583148709400,45.19069641091720,?,?
?,ivn,telecom-unit,rm,Щит связи для 40 рубежа,"г. Саранск, ул. Лесная, 2а",Жилое здание,54.19118372990610,45.14833091952730,?,?
?,ivn,telecom-unit,rm,Щит связи для 41 рубежа,"г. Саранск, пр. Ленина, 12",Жилое здание,54.18615677056930,45.18721796508440,?,?
?,ivn,telecom-unit,rm,Щит связи для 42 рубежа,"г. Саранск, пр. 60 лет Октября, 137",Жилое здание,54.2232956664219,45.11773534055220,?,?
?,ivn,telecom-unit,rm,"Щит связи для 43, 85 рубежей","г. Саранск, ул. Полежаева, 57",Здание центрального рынка,54.18984007990470,45.18359698291400,?,?
?,ivn,telecom-unit,rm,Щит связи для 44 рубежа,"г. Саранск, ул. Полежаева, 44",Здание Экономического факультета,54.18943346073240,45.1801503443298,?,?
?,ivn,telecom-unit,rm,Щит связи для 46 рубежа и 1 - БИО,"г. Саранск, ул. Полежаева, 184",Здание Автовокзала,54.19530819923280,45.14042414660970,?,?
?,ivn,telecom-unit,rm,Щит связи для 47 рубежа,"г. Саранск, ул. Полежаева, 113",Здание Детской Республиканской Больницы,54.19026556904670,45.17545647855240,?,?
?,ivn,telecom-unit,rm,Щит связи для 48 рубежа,"г. Саранск, ул. Полежаева, 171",Здание Миграционного содействия,54.19038826066720,45.16385056014540,?,?
?,ivn,telecom-unit,rm,Щит связи для 49 рубежа,"г. Саранск, ул. Полежаева, 159",Жилое здание,54.19028444470400,45.16593463654940,?,?
?,ivn,telecom-unit,rm,Щит связи для 50 рубежа,"г. Саранск, ул. Веселовского, 43/1",Жилое здание,54.22535926353240,45.12645251985050,?,?
?,ivn,telecom-unit,rm,Щит связи для 51 и 62 рубежей,"г. Саранск, ул. Пролетарская, 83",Жилое здание,54.19230094042540,45.17826206918130,?,?
?,ivn,telecom-unit,rm,Щит связи для 53 рубежа,"г. Саранск, ул. Пролетарская, 118",Здание торгового центра,54.19336083630600,45.17720259662040,?,?
?,ivn,telecom-unit,rm,Щит связи для 54 рубежа,"г. Саранск, ул. Пролетарская, 63",Здание Факультета иностранных языков,54.188015942014,45.17765320773440,?,?
?,ivn,telecom-unit,rm,Щит связи для 56 рубежа,"г. Саранск, ул. Пролетарская, 39",Здание РДК,54.18539986846980,45.17781950469390,?,?
?,ivn,telecom-unit,rm,Щит связи для 57 рубежа,"г. Саранск, ул. Пролетарская, 92а",Жилое здание,54.18870650758540,45.17675734992390,?,?
?,ivn,telecom-unit,rm,Щит связи для 59 рубежа,"г. Саранск, ул. Пролетарская, 44а",Жилое здание,54.18538728315460,45.17640866275180,?,?
?,ivn,telecom-unit,rm,Щит связи для 60 рубежа,"г. Саранск, ул. Пролетарская, 85",Жилое здание,54.19350239209110,45.17864830727760,?,?
?,ivn,telecom-unit,rm,Щит связи для 61 рубежа,"г. Саранск, ул. Федосеенко, 6",Здание Российской Правовой Академии,54.19320040503360,45.18461354012790,?,?
?,ivn,telecom-unit,rm,Щит связи для 63 рубежа,"г. Саранск, ул. Пролетарская, 79",Жилое здание,54.19013321970190,45.17786242003720,?,?
?,ivn,telecom-unit,rm,Щит связи для 64 рубежа,"г. Саранск, ул. Пролетарская, 87",Жилое здание,54.19423375918020,45.17868854041580,?,?
?,ivn,telecom-unit,rm,Щит связи для 65 и 66 рубежей,"г. Саранск, ул. Ст. Разина, 17",Жилое здание,54.186809391895,45.16641206975550,?,?
?,ivn,telecom-unit,rm,Щит связи для 67 и 69 рубежей,"г. Саранск, ул. Ст. Разина, 19",Здание Детской поликлиники №1,54.18734424250040,45.16659714217660,?,?
?,ivn,telecom-unit,rm,Щит связи для 68 рубежа,"г. Саранск, ул. Володарского, 37",Здание Детского сада №112,54.18531649160430,45.19147731299930,?,?
?,ivn,telecom-unit,rm,Щит связи для 70 рубежа,"г. Саранск, ул. Советская, 50-1",Жилое здание,54.1810152521028,45.17949588532960,?,?
?,ivn,telecom-unit,rm,Щит связи для 71 и 72 рубежей,"г. Саранск, ул. Советская, 47а",Здание Дворца бракосочетания,54.1812197835154,45.18349237676170,?,?
?,ivn,telecom-unit,rm,Щит связи для 73 рубежа,"г. Саранск, ул. Т.Бибиной, 34",Жилое здание,54.19941114847250,45.25257266993970,?,?
?,ivn,telecom-unit,rm,Щит связи для 74 рубежа,"г. Саранск, ул. Советская, 26",Здание Госсобрания,54.17909732686170,45.18547721143230,?,?
?,ivn,telecom-unit,rm,Щит связи для 74 рубежа,"г. Саранск, ул. Советская, 33",Жилое здание,54.1799375117383,45.18682368035770,?,?
?,ivn,telecom-unit,rm,Щит связи для 74 рубежа,"г. Саранск, ул. Советская, 30",Здание Администрации г.о. Саранск,54.18069901280310,45.18544502492400,?,?
?,ivn,telecom-unit,rm,Щит связи для 74 рубежа,"г. Саранск, ул. Московская, 2",Здание Епархиального управления,54.1811773037907,45.18782682652920,?,?
?,ivn,telecom-unit,rm,Щит связи для 74 рубежа,"г. Саранск, ул. Московская, 5",Здание Худ. школы №1 им. Рябова,54.18044570511350,45.18889434571710,?,?
?,ivn,telecom-unit,rm,Щит связи для 75 рубежа,"г. Саранск, ул. Советская, 27",Здание Драматического театра,54.18084533264460,45.19119568105180,?,?
?,ivn,telecom-unit,rm,"Щит связи для 75, 76 и 126 рубежей","г. Саранск, ул. Советская, 22",Здание Дома Печати,54.18013575506120,45.19344337220630,?,?
?,ivn,telecom-unit,rm,Щит связи для 77 рубежа,"г. Саранск, ул. Московская, 31/1",Здание Архива,54.17165449063960,45.18654741282740,?,?
?,ivn,telecom-unit,rm,Щит связи для 78 и 81 рубежей,"г. Саранск, ул. Большевистская, 60а",Здание Белый Медведь,54.18632959230150,45.18187232251420,?,?
?,ivn,telecom-unit,rm,Щит связи для 80 рубежа,"г. Саранск, ул. Б.Хмельницкого, 35а",Здание Саранск Арена,54.18838246207510,45.1831946515583,?,?
?,ivn,telecom-unit,rm,Щит связи для 86 рубежа,"г. Саранск, ул. А. Лусс, 6",Жилое здание,54.22779442908740,45.13710357184600,?,?
?,ivn,telecom-unit,rm,Щит связи для 89 рубежа,"г. Саранск, ул. Льва Толстого, 55",Жилое здание,54.18916211735060,45.18589831824390,?,?
?,ivn,telecom-unit,rm,Щит связи для 90 рубежа,"г. Саранск, ул.Есенина, 14",Здание Магнит,54.2258456804031,45.12069381709240,?,?
?,ivn,telecom-unit,rm,Щит связи для 91 рубежа,"г. Саранск, ул. Ульянова, 26а",Здание Медицинского института,54.16873149617110,45.13206638331490,?,?
?,ivn,telecom-unit,rm,Щит связи для 92 рубежа,"г. Саранск, пр. Ленина, 47",Жилое здание,54.19520361009780,45.1891774946981,?,?
?,ivn,telecom-unit,rm,Щит связи для 92 рубежа,"г. Саранск, пр. Ленина, 40",Жилое здание,54.19572576985140,45.18812070434620,?,?
?,ivn,telecom-unit,rm,Щит связи для 92 рубежа,"г. Саранск, пр. Ленина, 43",Жилое здание,54.19661279713250,45.18916140144400,?,?
?,ivn,telecom-unit,rm,Щит связи для 93 рубежа,"г. Саранск, ул. Ульянова, 22а",Здание Радо,54.16348886080440,45.14822820966760,?,?
?,ivn,telecom-unit,rm,Щит связи для 94 рубежа,"г. Саранск, ул. Транспортная, 17",Здание Саранский кооперативный институт,54.16004482102470,45.14895777051880,?,?
?,ivn,telecom-unit,rm,Щит связи для 95 рубежа,"г. Саранск, ул. Осипенко, 8",Здание Саранский кооперативный институт,54.15547645952700,45.16632239168100,?,?
?,ivn,telecom-unit,rm,Щит связи для 96 рубежа,"г. Саранск, ул. Р.Люксембург, 2",Здание Российской правовой академии ,54.17642819400780,45.1285810286321,?,?
?,ivn,telecom-unit,rm,Щит связи для 97 рубежа,"г. Саранск, ул. Студенческая, 13а",МГПИ им. Евсевьева (Биологический корпус),54.16113724852340,45.15626410787460,?,?
?,ivn,telecom-unit,rm,Щит связи для 98 рубежа,"г. Саранск, ул. Студенческая, 13б",МГПИ им. Евсевьева (Филологический корпус),54.1612883600506,45.15570889060830,?,?
?,ivn,telecom-unit,rm,Щит связи для 99 рубежа,"г. Саранск, ул. Студенческая, 13",МГПИ им. Евсевьева (Психологический корпус),54.16078150433020,45.15536556785460,?,?
?,ivn,telecom-unit,rm,Щит связи для 100 рубежа,"г. Саранск, ул. Студенческая, 17б",МГПИ им. Евсевьева (Корпус доп. образования),54.16175743223510,45.15714655464040,?,?
?,ivn,telecom-unit,rm,Щит связи для 101 рубежа,"г. Саранск, ул. Студенческая, 11а",МГПИ им. Евсевьева (Основной корпус),54.16042418297130,45.15873710458620,?,?
?,ivn,telecom-unit,rm,Щит связи для 104 рубежа,"г. Ардатов, ул. Полевая, 78а",Здание Автовокзала,54.84312128068760,46.2430844718727,?,?
?,ivn,telecom-unit,rm,Щит связи для 105 рубежа,"г. Краснослободск, пл. Комсомольская, 20",Здание Автовокзала,54.4267385714632,43.80125771110350,?,?
?,ivn,telecom-unit,rm,Щит связи для 106 рубежа,"г. Ковылкино, ул. Пролетарская, 15",Здание Автовокзала,54.03915728834610,43.91178655944770,?,?
?,ivn,telecom-unit,rm,Щит связи для 107 рубежа,"г. Темников, ул. Р. Люксембург, 97",Здание Автовокзала,54.62412068335780,43.23117602191900,?,?
?,ivn,telecom-unit,rm,Щит связи для 108 рубежа,"п. Зубово-Поляна, ул. Парковая, 2а",Здание Автовокзала,54.08091913088140,42.83731776796310,?,?
?,ivn,telecom-unit,rm,Щит связи для 109 и 4 - БИО рубежей,"г. Рузаевка, Привокзальная площадь, 1",Здание Автовокзала,54.05658963463340,44.94864823105820,?,?
?,ivn,telecom-unit,rm,"Щит связи для 110, 5 - БИО и 5 - БИО-2 рубежей","г. Рузаевка, Привокзальная площадь",Здание Ж/д вокзала,54.05568854420040,44.94939656737400,?,?
?,ivn,telecom-unit,rm,Щит связи для 111 рубежа,"г. Рузаевка, Привокзальная площадь, 5",Здание Ночной клуб «Royal»,54.05744494251240,44.94854094269810,?,?
?,ivn,telecom-unit,rm,Щит связи для 112 рубежа,"г. Саранск, ул. Косарева, 5а",Здание Ночной клуб «RedClub»,54.18956319195110,45.23457707646410,?,?
?,ivn,telecom-unit,rm,Щит связи для 112 рубежа,"г. Саранск, ул. Ярославская, 25",Жилое здание,54.18952229403220,45.23516179802930,?,?
?,ivn,telecom-unit,rm,Щит связи для 113 рубежа,"г. Саранск, Володарского, 80",Жилое здание,54.18961352756870,45.18994780066480,?,?
?,ivn,telecom-unit,rm,Щит связи для 114 рубежа,"г. Саранск, пр. Ленина 22",Жилое здание,54.18917151384710,45.18766524079330,?,?
?,ivn,telecom-unit,rm,Щит связи для 118 рубежа,"г. Саранск, ул. 2-я Промышленная, 7а",Здание Ночной клуб «Альпы»,54.23435658966150,45.19212307217510,?,?
?,ivn,telecom-unit,rm,Щит связи для 119 рубежа,"г. Саранск, ул. Строительная, 2/2",Здание Ночной клуб «Шервуд»,54.2044473324594,45.17742724898270,?,?
?,ivn,telecom-unit,rm,Щит связи для 120 рубежа,"г. Саранск, ул. Васенко, 3а",Здание Мордовского гуманитарного института,54.19569483562860,45.18589223215150,?,?
?,ivn,telecom-unit,rm,Щит связи для 116 рубежа,"п. Чамзинка, ул. К.Маркса",Здание Автовокзала,54.40330489470220,45.78101003953960,?,?
?,ivn,telecom-unit,rm,Щит связи для 117 рубежа,"г. Инсар, ул. Московская, 93 б",Здание Автовокзала,53.87066633819550,44.36376030036950,?,?
?,ivn,telecom-unit,rm,Щит связи для 121 рубежа,"г. Саранск, ул. Победы, 3 б",Здание ЦОП,54.20825770837160,45.12889260837450,?,?
?,ivn,telecom-unit,rm,Щит связи для 122 рубежа,"г.Саранск, ул.Республиканская, 103",Гостиница «Адмирал»,54.17366286600160,45.17064921092660,?,?
?,ivn,telecom-unit,rm,Щит связи для 125 рубежа,"г. Саранск, ул. А.Невского (между ул.Ворошилова и ул. Пожарского)",Район общежитий №4 и №11,54.16969206487430,45.19138000440210,?,?
?,ivn,telecom-unit,rm,Щит связи для 128 рубежа,"г. Саранск, Аэропорт",Опора сотовой связи,54.14881712278310,45.22329131782460,?,?
?,ivn,telecom-unit,rm,Щит связи для 124 рубежа,"г. Саранск, Аэропорт",Вспомогательное здание,54.13989946358600,45.2177203697,?,?
?,ivn,telecom-unit,rm,Щит связи для 3 - Био-2 рубежа,"г. Саранск, Аэропорт Терминал B",Здание Терминал B,54.13831809806940,45.21710467310320,?,?
?,ivn,telecom-unit,rm,Щит связи для 3 - Био-2 рубежа,"г. Саранск, Аэропорт Терминал А",Здание Терминал A,54.13856379019160,45.2197010514296,?,?
?,ivn,camera-static,rm,ИВН-РМС-1-С1,,Стационарная камера,54.18136378317980,45.18935926809680,?,?
?,ivn,camera-static,rm,ИВН-РМС-1-С2,,Стационарная камера,54.18178366701780,45.18941023006800,?,?
?,ivn,camera-dynamic,rm,ИВН-РМС-2-П1,,Поворотная камера,54.18280000193010,45.19000031605130,?,?
?,ivn,camera-static,rm,Unknown,,Стационарная камера,54.1830092442421,45.19003518476850,?,?
?,ivn,camera-static,rm,ИВН-РМС-2-С1,,Стационарная камера,54.18320117986360,45.19005932464960,?,?
?,ivn,camera-static,rm,ИВН-РМС-32-С1,,Стационарная камера,54.1836432576853,45.190131744293,?,?
?,ivn,camera-static,rm,ИВН-РМС-32-С2,,Стационарная камера,54.18376754205010,45.19042946949370,?,?
?,ivn,camera-static,rm,ИВН-РМС-32-С3,,Стационарная камера,54.18367629533090,45.19150235309960,?,?
?,ivn,camera-dynamic,rm,ИВН-РМС-32-П1,,Поворотная камера,54.18375810274010,45.19015320196510,?,?
?,ivn,camera-static,rm,ИВН-РМС-2-С2,,Стационарная камера,54.18300609773300,45.19004323139540,?,?
?,ivn,camera-static,rm,ИВН-РМС-3-С1,,Стационарная камера,54.1864035301363,45.17992686753300,?,?
?,ivn,camera-static,rm,ИВН-РМС-79-С1,,Стационарная камера,54.1864412849042,45.18038284306550,?,?
?,ivn,camera-dynamic,rm,ИВН-РМС-79-П1,,Поворотная камера,54.18640510323280,45.1804177117827,?,?
?,ivn,camera-static,rm,ИВН-РМС-4-С1,,Стационарная камера,54.17988151137620,45.18045165195810,?,?
?,ivn,camera-static,rm,ИВН-РМС-4-С2,,Стационарная камера,54.17988780483980,45.18063940658910,?,?
?,ivn,camera-dynamic,rm,ИВН-РМС-4-П1,,Поворотная камера,54.17983745710420,45.18055357590060,?,?
?,ivn,camera-static,rm,ИВН-РМС-5-С3,,Стационарная камера,54.18339719420000,45.18284954681640,?,?
?,ivn,camera-dynamic,rm,ИВН-РМС-5-П1,,Поворотная камера,54.18339562096430,45.18236943140270,?,?
?,ivn,camera-static,rm,ИВН-РМС-5-C2,,Стационарная камера,54.1829850054427,45.18229164734130,?,?
?,ivn,camera-static,rm,ИВН-РМС-5-C1,,Стационарная камера,54.1829236487486,45.18233724489450,?,?
?,ivn,camera-static,rm,ИВН-РМС-6-С1,,Стационарная камера,54.19409692469520,45.18828638448950,?,?
?,ivn,camera-static,rm,ИВН-РМС-6-С2,,Стационарная камера,54.19418814820560,45.18816032066540,?,?
?,ivn,camera-dynamic,rm,ИВН-РМС-6-П1,,Поворотная камера,54.19416612883270,45.18830247774360,?,?
?,ivn,camera-static,rm,ИВН-РМС-6-С3,,Стационарная камера,54.19425892510710,45.1880396212601,?,?
?,ivn,camera-dynamic,rm,ИВН-РМС-6-П2,,Поворотная камера,54.19464898173460,45.18810667648550,?,?
?,ivn,camera-dynamic,rm,ИВН-РМС-7-П1,,Поворотная камера,54.18635790952850,45.18051602497310,?,?
?,ivn,camera-static,rm,ИВН-РМС-7-С1,,Стационарная камера,54.18585922794890,45.18048383846500,?,?
?,ivn,camera-static,rm,ИВН-РМС-7-С2,,Стационарная камера,54.18581989949180,45.17984815492840,?,?
?,ivn,camera-static,rm,ИВН-РМС-8-С1,,Стационарная камера,54.18257753219740,45.17156012907230,?,?
?,ivn,camera-static,rm,ИВН-РМС-8-С2,,Стационарная камера,54.18254292039750,45.17147429838380,?,?
?,ivn,camera-static,rm,ИВН-РМС-8-С3,,Стационарная камера,54.18248628284410,45.17148234501080,?,?
?,ivn,camera-dynamic,rm,ИВН-РМС-8-П1,,Поворотная камера,54.18252089469160,45.17159499778950,?,?
?,ivn,camera-dynamic,rm,ИВН-РМС-9-П2,,Поворотная камера,54.14758116269350,45.22200711622410,?,?
?,ivn,camera-static,rm,ИВН-РМС-9-С8,,Стационарная камера,54.14724104737190,45.22194274320670,?,?
?,ivn,camera-static,rm,ИВН-РМС-9-С5,,Стационарная камера,54.14746149289290,45.22216268434690,?,?
?,ivn,camera-dynamic,rm,ИВН-РМС-10-П1,,Поворотная камера,54.22139206612810,45.12337156191010,?,?
?,ivn,camera-static,rm,ИВН-РМС-10-С1,,Стационарная камера,54.22139678146070,45.12346812143470,?,?
?,ivn,camera-static,rm,ИВН-РМС-10-С2,,Стационарная камера,54.22133548204100,45.12339838400030,?,?
?,ivn,camera-static,rm,ИВН-РМС-10-С3,,Стационарная камера,54.22135591519100,45.12328841343070,?,?
?,ivn,camera-static,rm,ИВН-РМС-11-С1,,Стационарная камера,54.18703749117630,45.17217365120250,?,?
?,ivn,camera-static,rm,ИВН-РМС-11-С2,,Стационарная камера,54.18698872527610,45.17213878248530,?,?
?,ivn,camera-static,rm,ИВН-РМС-11-С3,,Стационарная камера,54.18698872527610,45.17225411747290,?,?
?,ivn,camera-static,rm,ИВН-РМС-11-С4,,Стационарная камера,54.18670399421290,45.17221120212870,?,?
?,ivn,camera-static,rm,ИВН-РМС-11-С5,,Стационарная камера,54.18700917549760,45.17125901792840,?,?
?,ivn,camera-dynamic,rm,ИВН-РМС-11-П1,,Поворотная камера,54.18678264939970,45.1716559848626,?,?
?,ivn,camera-static,rm,ИВН-РМС-11-С6,,Стационарная камера,54.18683613484080,45.17172304008800,?,?
?,ivn,camera-dynamic,rm,ИВН-РМС-12-П1,,Поворотная камера,54.18829122674890,45.18492219065010,?,?
?,ivn,camera-static,rm,ИВН-РМС-12-С1,,Стационарная камера,54.1881118992736,45.18482026670760,?,?
?,ivn,camera-static,rm,ИВН-РМС-12-С2,,Стационарная камера,54.18844853090080,45.18489536856000,?,?
?,ivn,camera-static,rm,ИВН-РМС-12-С3,,Стационарная камера,54.18870965446810,45.18468615625680,?,?
?,ivn,camera-dynamic,rm,ИВН-РМС-13-П1,,Поворотная камера,54.18784762565330,45.18441525314590,?,?
?,ivn,camera-static,rm,ИВН-РМС-13-С1,,Стационарная камера,54.18780987215150,45.18417653654360,?,?
?,ivn,camera-static,rm,ИВН-РМС-13-С2,,Стационарная камера,54.18780515280910,45.18388417576050,?,?
?,ivn,camera-static,rm,ИВН-РМС-13-С3,,Стационарная камера,54.18797818947590,45.18329945419550,?,?
?,ivn,camera-dynamic,rm,ИВН-РМС-13-П2,,Поворотная камера,54.18804583084320,45.18318411920770,?,?
?,ivn,camera-static,rm,ИВН-РМС-14-С2,,Стационарная камера,54.18607789348470,45.18516627167030,?,?
?,ivn,camera-static,rm,ИВН-РМС-14-С1,,Стационарная камера,54.18602283392290,45.18514749620720,?,?
?,ivn,camera-dynamic,rm,ИВН-РМС-14-П1,,Поворотная камера,54.18610463666790,45.18472638939190,?,?
?,ivn,camera-static,rm,ИВН-РМС-14-С4,,Стационарная камера,54.18601024886670,45.18402096842100,?,?
?,ivn,camera-static,rm,ИВН-РМС-14-С3,,Стационарная камера,54.18603856522860,45.18411752794550,?,?
?,ivn,camera-static,rm,ИВН-РМС-14-С5,,Стационарная камера,54.18607632034750,45.18400487516690,?,?
?,ivn,camera-static,rm,ИВН-РМС-15-С1,,Стационарная камера,54.18664106985450,45.18642154548920,?,?
?,ivn,camera-static,rm,ИВН-РМС-16-С2,,Стационарная камера,54.18665994713790,45.1860406718091,?,?
?,ivn,camera-static,rm,ИВН-РМС-16-С1,,Стационарная камера,54.1866615202408,45.18592533682150,?,?
?,ivn,camera-dynamic,rm,ИВН-РМС-87-П1,,Поворотная камера,54.18667253198330,45.18557664964950,?,?
?,ivn,camera-static,rm,ИВН-РМС-17-С1,,Стационарная камера,54.18708625686950,45.17853316877630,?,?
?,ivn,camera-static,rm,ИВН-РМС-17-С2,,Стационарная камера,54.18705007576920,45.17972943399690,?,?
?,ivn,camera-dynamic,rm,ИВН-РМС-17-П1,,Поворотная камера,54.18706895286890,45.17915275905870,?,?
?,ivn,camera-static,rm,ИВН-РМС-18-С1,,Стационарная камера,54.1866693857259,45.17556396339670,?,?
?,ivn,camera-dynamic,rm,ИВН-РМС-18-П1,,Поворотная камера,54.18675118718580,45.17550763700740,?,?
?,ivn,camera-static,rm,ИВН-РМС-18-С2,,Стационарная камера,54.18669770163020,45.1748746356799,?,?
?,ivn,camera-static,rm,ИВН-РМС-19-С1,,Стационарная камера,54.18102941225030,45.17702844951880,?,?
?,ivn,camera-static,rm,ИВН-РМС-19-С2,,Стационарная камера,54.18109077176810,45.17703381393680,?,?
?,ivn,camera-dynamic,rm,ИВН-РМС-19-П1,,Поворотная камера,54.18125439670180,45.17706868265400,?,?
?,ivn,camera-static,rm,ИВН-РМС-19-С3,,Стационарная камера,54.18124967675690,45.17732349251040,?,?
?,ivn,camera-dynamic,rm,ИВН-РМС-20-П1,,Поворотная камера,54.1884847104895,45.15414384220310,?,?
?,ivn,camera-static,rm,ИВН-РМС-20-С1,,Стационарная камера,54.18854448595120,45.15416529987570,?,?
?,ivn,camera-static,rm,ИВН-РМС-20-С2,,Стационарная камера,54.18873324970450,45.15428868149030,?,?
?,ivn,camera-static,rm,ИВН-РМС-24-С1,,Стационарная камера,54.18416020414190,45.18429991815780,?,?
?,ivn,camera-dynamic,rm,ИВН-РМС-24-П1,,Поворотная камера,54.18414447211010,45.18454131696910,?,?
?,ivn,camera-static,rm,ИВН-РМС-21-С1,,Стационарная камера,54.18413975239990,45.18481222007930,?,?
?,ivn,camera-static,rm,ИВН-РМС-21-С2,,Стационарная камера,54.18413660605370,45.18490609739500,?,?
?,ivn,camera-static,rm,ИВН-РМС-21-С3,,Стационарная камера,54.1840689582932,45.18494633053040,?,?
?,ivn,camera-static,rm,ИВН-РМС-21-С4,,Стационарная камера,54.18401546925580,45.18492755506730,?,?
?,ivn,camera-dynamic,rm,ИВН-РМС-21-П1,,Поворотная камера,54.1841145812408,45.18497315262050,?,?
?,ivn,camera-static,rm,ИВН-РМС-22-С1,,Стационарная камера,54.18457238110180,45.18200126503200,?,?
?,ivn,camera-static,rm,ИВН-РМС-22-С2,,Стационарная камера,54.18456451516350,45.18209782455660,?,?
?,ivn,camera-static,rm,ИВН-РМС-22-С3,,Стационарная камера,54.18462744259610,45.18214342210980,?,?
?,ivn,camera-static,rm,ИВН-РМС-22-С4,,Стационарная камера,54.18465104035450,45.18202272270420,?,?
?,ivn,camera-static,rm,ИВН-РМС-23-С1,,Стационарная камера,54.17756323707790,45.18681851242270,?,?
?,ivn,camera-static,rm,ИВН-РМС-23-С2,,Стационарная камера,54.1775947059898,45.18674609277890,?,?
?,ivn,camera-static,rm,ИВН-РМС-23-С3,,Стационарная камера,54.17762302828210,45.18666294429980,?,?
?,ivn,camera-static,rm,ИВН-РМС-23-С4,,Стационарная камера,54.17763718933880,45.18640813444340,?,?
?,ivn,camera-dynamic,rm,ИВН-РМС-23-П1,,Поворотная камера,54.17765764423520,45.18650201175900,?,?
?,ivn,camera-static,rm,ИВН-РМС-23-С5,,Стационарная камера,54.17751445993960,45.18635985468120,?,?
?,ivn,camera-static,rm,ИВН-РМС-25-С1,,Стационарная камера,54.1820583518816,45.19299027536550,?,?
?,ivn,camera-static,rm,ИВН-РМС-25-С2,,Стационарная камера,54.18198912737550,45.19297954652950,?,?
?,ivn,camera-static,rm,ИВН-РМС-26-С2,,Стационарная камера,54.18563898777130,45.1672678909126,?,?
?,ivn,camera-static,rm,ИВН-РМС-26-С3,,Стационарная камера,54.18556347669250,45.16724911544950,?,?
?,ivn,camera-static,rm,ИВН-РМС-26-С4,,Стационарная камера,54.18542346620800,45.16724106882240,?,?
?,ivn,camera-dynamic,rm,ИВН-РМС-26-П1,,Поворотная камера,54.18538413733460,45.16731080625680,?,?
?,ivn,camera-static,rm,ИВН-РМС-26-С1,,Стационарная камера,54.18575540040280,45.16744223449860,?,?
?,ivn,camera-dynamic,rm,ИВН-РМС-26-П2,,Поворотная камера,54.18543762458930,45.16824689720300,?,?
?,ivn,camera-static,rm,ИВН-РМС-26-С5,,Стационарная камера,54.18546279503990,45.16832199905550,?,?
?,ivn,camera-static,rm,ИВН-РМС-26-С6,,Стационарная камера,54.1856625849457,45.16830858801040,?,?
?,ivn,camera-static,rm,ИВН-РМС-27-С3,,Стационарная камера,54.18396512630320,45.18131730173220,?,?
?,ivn,camera-dynamic,rm,ИВН-РМС-27-П1,,Поворотная камера,54.18403592068920,45.18134680603140,?,?
?,ivn,camera-static,rm,ИВН-РМС-27-С2,,Стационарная камера,54.18412087378760,45.18081841085540,?,?
?,ivn,camera-static,rm,ИВН-РМС-27-С1,,Стационарная камера,54.18412402019140,45.1805314144908,?,?
?,ivn,camera-dynamic,rm,ИВН-РМС-28-П1,,Поворотная камера,54.18240761868160,45.18491146181150,?,?
?,ivn,camera-static,rm,ИВН-РМС-28-С1,,Стационарная камера,54.18194664829220,45.18487659309430,?,?
?,ivn,camera-static,rm,ИВН-РМС-28-С2,,Стационарная камера,54.18187742344570,45.1848739108849,?,?
?,ivn,camera-static,rm,ИВН-РМС-29-С1,,Стационарная камера,54.18416492312550,45.17965701435130,?,?
?,ivn,camera-dynamic,rm,ИВН-РМС-29-П1,,Поворотная камера,54.18420897276610,45.17957923028990,?,?
?,ivn,camera-static,rm,ИВН-РМС-29-С2,,Стационарная камера,54.18423729036330,45.17881480072060,?,?
?,ivn,camera-static,rm,ИВН-РМС-29-С3,,Стационарная камера,54.18425616874930,45.17842856262250,?,?
?,ivn,camera-dynamic,rm,ИВН-РМС-30-П1,,Поворотная камера,54.18483195542400,45.18716988180190,?,?
?,ivn,camera-static,rm,ИВН-РМС-30-С1,,Стационарная камера,54.1848429676601,45.18729326341650,?,?
?,ivn,camera-static,rm,ИВН-РМС-30-С2,,Стационарная камера,54.18500185816730,45.18732276771570,?,?
?,ivn,camera-static,rm,ИВН-РМС-30-С3,,Стационарная камера,54.1850742239336,45.18729862783460,?,?
?,ivn,camera-static,rm,ИВН-РМС-31-С1,,Стационарная камера,54.189540204198,45.16735372159980,?,?
?,ivn,camera-static,rm,ИВН-РМС-31-С1,,Стационарная камера,54.18945840827790,45.16734031055470,?,?
?,ivn,camera-static,rm,ИВН-РМС-33-С1,,Стационарная камера,54.18395254011890,45.18816498134630,?,?
?,ivn,camera-dynamic,rm,ИВН-РМС-33-П1,,Поворотная камера,54.18398400431110,45.18824544761670,?,?
?,ivn,camera-static,rm,ИВН-РМС-33-С2,,Стационарная камера,54.18394624726870,45.18828836296100,?,?
?,ivn,camera-static,rm,ИВН-РМС-33-С3,,Стационарная камера,54.18393051515920,45.18860218141570,?,?
?,ivn,camera-static,rm,ИВН-РМС-33-С4,,Стационарная камера,54.18390377055920,45.1886692366411,?,?
?,ivn,camera-static,rm,ИВН-РМС-33-С5,,Стационарная камера,54.1839336615816,45.18875506732960,?,?
?,ivn,camera-dynamic,rm,ИВН-РМС-33-П2,,Поворотная камера,54.18397456505070,45.1886692366411,?,?
?,ivn,camera-static,rm,ИВН-РМС-34-С1,,Стационарная камера,54.18239188578260,45.18763658617040,?,?
?,ivn,camera-static,rm,ИВН-РМС-34-С3,,Стационарная камера,54.18196080752350,45.18761512849830,?,?
?,ivn,camera-dynamic,rm,ИВН-РМС-34-П1,,Поворотная камера,54.18188528970020,45.18761512849830,?,?
?,ivn,camera-static,rm,ИВН-РМС-34-С2,,Стационарная камера,54.18159580341520,45.18760976408010,?,?
?,ivn,camera-static,rm,ИВН-РМС-35-С2,,Стационарная камера,54.18606036483110,45.18783181168960,?,?
?,ivn,camera-static,rm,ИВН-РМС-35-С1,,Стационарная камера,54.18588102743700,45.18781571843590,?,?
?,ivn,camera-static,rm,ИВН-РМС-35-С3,,Стационарная камера,54.1865291551597,45.18789350249730,?,?
?,ivn,camera-static,rm,ИВН-РМС-36-С1,,Стационарная камера,54.18655747122090,45.18802224853070,?,?
?,ivn,camera-dynamic,rm,ИВН-РМС-36-П1,,Поворотная камера,54.18660781073300,45.18802761294870,?,?
?,ivn,camera-static,rm,ИВН-РМС-36-С2,,Стационарная камера,54.18658578719820,45.18809735038310,?,?
?,ivn,camera-static,rm,ИВН-РМС-37-С1,,Стационарная камера,54.19113339618140,45.18857478358760,?,?
?,ivn,camera-static,rm,ИВН-РМС-37-С2,,Стационарная камера,54.19118687596800,45.18878667809980,?,?
?,ivn,camera-dynamic,rm,ИВН-РМС-37-П1,,Поворотная камера,54.19117901129780,45.18888055541530,?,?
?,ivn,camera-static,rm,ИВН-РМС-37-С3,,Стационарная камера,54.19180975306800,45.1889851615669,?,?
?,ivn,camera-dynamic,rm,ИВН-РМС-38-П1,,Поворотная камера,54.19183649244560,45.1879498288867,?,?
?,ivn,camera-static,rm,ИВН-РМС-38-С1,,Стационарная камера,54.19197648104360,45.18801688411190,?,?
?,ivn,camera-static,rm,ИВН-РМС-38-С2,,Стационарная камера,54.19203782430640,45.18801688411210,?,?
?,ivn,camera-static,rm,ИВН-РМС-38-С3,,Стационарная камера,54.19216837490690,45.18758773066970,?,?
?,ivn,camera-static,rm,ИВН-РМС-38-С4,,Стационарная камера,54.19205512620950,45.18750994660820,?,?
?,ivn,camera-static,rm,ИВН-РМС-39-С7,,Стационарная камера,54.19548705222430,45.19050865628670,?,?
?,ivn,camera-static,rm,ИВН-РМС-39-С5,,Стационарная камера,54.19552008022080,45.19094049193740,?,?
?,ivn,camera-static,rm,ИВН-РМС-39-С6,,Стационарная камера,54.19543986910050,45.19081174590510,?,?
?,ivn,camera-dynamic,rm,ИВН-РМС-39-П3,,Поворотная камера,54.19545874246100,45.19090562322090,?,?
?,ivn,camera-dynamic,rm,ИВН-РМС-39-П1,,Поворотная камера,54.19589754282680,45.19052206733070,?,?
?,ivn,camera-dynamic,rm,ИВН-РМС-39-П2,,Поворотная камера,54.19625455666800,45.19095658519220,?,?
?,ivn,camera-static,rm,ИВН-РМС-39-С1,,Стационарная камера,54.19623411102480,45.19052474954080,?,?
?,ivn,camera-static,rm,ИВН-РМС-39-С3,,Стационарная камера,54.1962923021876,45.19087611892110,?,?
?,ivn,camera-static,rm,ИВН-РМС-39-С4,,Стационарная камера,54.19619007396800,45.19097804286320,?,?
?,ivn,camera-static,rm,ИВН-РМС-39-С8,,Стационарная камера,54.19530303784350,45.19098072507330,?,?
?,ivn,camera-static,rm,ИВН-РМС-39-С9,,Стационарная камера,54.19523069005990,45.19098072507330,?,?
?,ivn,camera-static,rm,ИВН-РМС-39-С2,,Стационарная камера,54.19617434681,45.19054620721290,?,?
?,ivn,camera-static,rm,ИВН-РМС-40-С2,,Стационарная камера,54.19125293894770,45.14855086066660,?,?
?,ivn,camera-static,rm,ИВН-РМС-40-С1,,Стационарная камера,54.19131271029560,45.14834701278150,?,?
?,ivn,camera-static,rm,ИВН-РМС-41-С1,,Стационарная камера,54.18661926708870,45.18666274781850,?,?
?,ivn,camera-static,rm,ИВН-РМС-41-С2,,Стационарная камера,54.18662241330140,45.18734671111730,?,?
?,ivn,camera-static,rm,ИВН-РМС-41-С3,,Стационарная камера,54.18659409733730,45.18743522401480,?,?
?,ivn,camera-static,rm,ИВН-РМС-41-С4,,Стационарная камера,54.18654690402700,45.18749959703110,?,?
?,ivn,camera-static,rm,ИВН-РМС-41-С5,,Стационарная камера,54.1859790069338,45.18746472831380,?,?
?,ivn,camera-static,rm,ИВН-РМС-41-С6,,Стационарная камера,54.1859160815636,45.18742985959660,?,?
?,ivn,camera-static,rm,ИВН-РМС-42-С1,,Стационарная камера,54.22310391843930,45.11709965701690,?,?
?,ivn,camera-static,rm,ИВН-РМС-42-С2,,Стационарная камера,54.22307248411970,45.11719085212340,?,?
?,ivn,camera-static,rm,ИВН-РМС-43-С1,,Стационарная камера,54.19012557532520,45.18277354474510,?,?
?,ivn,camera-static,rm,ИВН-РМС-43-С2,,Стационарная камера,54.19007366734550,45.18328852887680,?,?
?,ivn,camera-static,rm,ИВН-РМС-43-С3,,Стационарная камера,54.19005793729580,45.18352456326940,?,?
?,ivn,camera-dynamic,rm,ИВН-РМС-43-П1,,Поворотная камера,54.18963008563400,45.18353260989700,?,?
?,ivn,camera-static,rm,ИВН-РМС-43-С4,,Стационарная камера,54.18956873878140,45.18373913999110,?,?
?,ivn,camera-static,rm,ИВН-РМС-43-С5,,Стационарная камера,54.1896127828925,45.18426753516780,?,?
?,ivn,camera-static,rm,ИВН-РМС-43-С6,,Стационарная камера,54.18958761498010,45.18495149846660,?,?
?,ivn,camera-static,rm,ИВН-РМС-44-С3,,Стационарная камера,54.18944761773810,45.18024690385430,?,?
?,ivn,camera-static,rm,ИВН-РМС-44-С2,,Стационарная камера,54.18950267271390,45.18019594188310,?,?
?,ivn,camera-dynamic,rm,ИВН-РМС-44-П1,,Поворотная камера,54.18947121273680,45.17960317369080,?,?
?,ivn,camera-static,rm,ИВН-РМС-44-С1,,Стационарная камера,54.18951053770450,45.17970509763330,?,?
?,ivn,camera-static,rm,ИВН-РМС-45-С1,,Стационарная камера,54.18296162557070,45.18494076962950,?,?
?,ivn,camera-static,rm,ИВН-РМС-46-С1,,Стационарная камера,54.19490713932310,45.14056093926950,?,?
?,ivn,camera-static,rm,ИВН-РМС-46-С2,,Стационарная камера,54.19500937065380,45.1403597735934,?,?
?,ivn,camera-static,rm,ИВН-РМС-46-С3,,Стационарная камера,54.19512418399930,45.14011032815500,?,?
?,ivn,camera-static,rm,ИВН-РМС-46-С4,,Стационарная камера,54.19525472481100,45.13985551829860,?,?
?,ivn,camera-dynamic,rm,ИВН-РМС-46-П2,,Поворотная камера,54.19530033535840,45.14008350606490,?,?
?,ivn,camera-static,rm,ИВН-РМС-46-С5,,Стационарная камера,54.19539942016650,45.14001645083950,?,?
?,ivn,camera-static,rm,ИВН-РМС-46-С6,,Стационарная камера,54.19555512437880,45.14027930732300,?,?
?,ivn,camera-static,rm,ИВН-РМС-46-С7,,Стационарная камера,54.19541829342820,45.1406843208842,?,?
?,ivn,camera-dynamic,rm,ИВН-РМС-46-П3,,Поворотная камера,54.195528387329,45.1409364485316,?,?
?,ivn,camera-static,rm,ИВН-РМС-46-С8,,Стационарная камера,54.19526573425010,45.14082916017100,?,?
?,ivn,camera-static,rm,ИВН-РМС-46-С9,,Стационарная камера,54.1951902408393,45.14090962644140,?,?
?,ivn,camera-dynamic,rm,ИВН-РМС-46-П1,,Поворотная камера,54.19504711753440,45.14071382518340,?,?
?,ivn,camera-static,rm,ИВН-РМС-47-С1,,Стационарная камера,54.1901979315704,45.17596878047490,?,?
?,ivn,camera-static,rm,ИВН-РМС-47-С2,,Стационарная камера,54.19013186670680,45.17567373748320,?,?
?,ivn,camera-static,rm,ИВН-РМС-47-С3,,Стационарная камера,54.19016018018040,45.17496026988510,?,?
?,ivn,camera-static,rm,ИВН-РМС-47-С4,,Стационарная камера,54.19015703426220,45.17477251525410,?,?
?,ivn,camera-static,rm,ИВН-РМС-47-С5,,Стационарная камера,54.19017119104320,45.17469204898380,?,?
?,ivn,camera-dynamic,rm,ИВН-РМС-47-П1,,Поворотная камера,54.19025613144120,45.17472155328280,?,?
?,ivn,camera-static,rm,ИВН-РМС-47-С6,,Стационарная камера,54.19084913669280,45.17506755824590,?,?
?,ivn,camera-static,rm,ИВН-РМС-48-С1,,Стационарная камера,54.19031590424500,45.1641241454649,?,?
?,ivn,camera-static,rm,ИВН-РМС-48-С2,,Стационарная камера,54.19031590424100,45.16355015273570,?,?
?,ivn,camera-static,rm,ИВН-РМС-49-С1,,Стационарная камера,54.19026871518270,45.16570128436570,?,?
?,ivn,camera-dynamic,rm,ИВН-РМС-49-П1,,Поворотная камера,54.1902561314128,45.16621895070550,?,?
?,ivn,camera-static,rm,ИВН-РМС-49-С2,,Стационарная камера,54.19025927736370,45.16632355685710,?,?
?,ivn,camera-dynamic,rm,ИВН-РМС-50-П1,,Поворотная камера,54.22520367178450,45.12631572719030,?,?
?,ivn,camera-static,rm,ИВН-РМС-50-С1,,Стационарная камера,54.22528696861770,45.12667782540770,?,?
?,ivn,camera-static,rm,ИВН-РМС-50-С3,,Стационарная камера,54.22542527182960,45.12656249042010,?,?
?,ivn,camera-static,rm,ИВН-РМС-50-С2,,Стационарная камера,54.22538755280570,45.12664027448150,?,?
?,ivn,camera-static,rm,ИВН-РМС-51-С1,,Стационарная камера,54.19229464896880,45.17803944583370,?,?
?,ivn,camera-dynamic,rm,ИВН-РМС-51-П1,,Поворотная камера,54.19236071038410,45.17803944583370,?,?
?,ivn,camera-static,rm,ИВН-РМС-51-С2,,Стационарная камера,54.19237486636660,45.17815209861210,?,?
?,ivn,camera-static,rm,ИВН-РМС-51-С3,,Стационарная камера,54.19236700178210,45.1783720397513,?,?
?,ivn,camera-static,rm,ИВН-РМС-52-С1,,Стационарная камера,54.18155669049080,45.18480665917810,?,?
?,ivn,camera-static,rm,ИВН-РМС-52-С2,,Стационарная камера,54.18148903844970,45.18480397696920,?,?
?,ivn,camera-static,rm,ИВН-РМС-53-С1,,Стационарная камера,54.19346621726960,45.17733670707150,?,?
?,ivn,camera-static,rm,ИВН-РМС-53-С2,,Стационарная камера,54.19341903183630,45.17740108008780,?,?
?,ivn,camera-static,rm,ИВН-РМС-53-С3,,Стационарная камера,54.19324129952640,45.1774654531041,?,?
?,ivn,camera-dynamic,rm,ИВН-РМС-53-П1,,Поворотная камера,54.19318153101240,45.17745472426810,?,?
?,ivn,camera-static,rm,ИВН-РМС-54-С1,,Стационарная камера,54.18771234154030,45.1775781058826,?,?
?,ivn,camera-static,rm,ИВН-РМС-54-С2,,Стационарная камера,54.18778627562460,45.17758347030080,?,?
?,ivn,camera-static,rm,ИВН-РМС-54-С3,,Стационарная камера,54.18828493382530,45.17763979669000,?,?
?,ivn,camera-dynamic,rm,ИВН-РМС-54-П1,,Поворотная камера,54.1883494286078,45.1776612543622,?,?
?,ivn,camera-dynamic,rm,ИВН-РМС-56-П1,,Поворотная камера,54.18613295222810,45.17792142863650,?,?
?,ivn,camera-static,rm,ИВН-РМС-56-С1,,Стационарная камера,54.18608418525610,45.17784900899310,?,?
?,ivn,camera-static,rm,ИВН-РМС-56-С2,,Стационарная камера,54.18577899710390,45.17783023353,?,?
?,ivn,camera-static,rm,ИВН-РМС-56-С3,,Стационарная камера,54.18561067071180,45.17780341143990,?,?
?,ivn,camera-static,rm,ИВН-РМС-56-С4,,Стационарная камера,54.18525513794720,45.1777765893497,?,?
?,ivn,camera-static,rm,ИВН-РМС-56-С5,,Стационарная камера,54.18526615007010,45.1786590361156,?,?
?,ivn,camera-dynamic,rm,ИВН-РМС-57-П1,,Поворотная камера,54.18856021565710,45.17689682479260,?,?
?,ivn,camera-static,rm,ИВН-РМС-57-С1,,Стационарная камера,54.1886168448523,45.17693437571880,?,?
?,ivn,camera-static,rm,ИВН-РМС-57-С2,,Стационарная камера,54.18879145104710,45.17694510455490,?,?
?,ivn,camera-static,rm,ИВН-РМС-57-С3,,Стационарная камера,54.18894246119250,45.17697460885400,?,?
?,ivn,camera-dynamic,rm,ИВН-РМС-57-П2,,Поворотная камера,54.18900538194340,45.17694510455490,?,?
?,ivn,camera-static,rm,ИВН-РМС-59-С2,,Стационарная камера,54.1855241474697,45.17651595111240,?,?
?,ivn,camera-dynamic,rm,ИВН-РМС-59-П1,,Поворотная камера,54.18570191307400,45.17652936215750,?,?
?,ivn,camera-static,rm,ИВН-РМС-59-С1,,Стационарная камера,54.18591271376480,45.17656959529270,?,?
?,ivn,camera-static,rm,ИВН-РМС-60-С1,,Стационарная камера,54.19332937913790,45.17844177718480,?,?
?,ivn,camera-static,rm,ИВН-РМС-60-С2,,Стационарная камера,54.19349452820290,45.1784417771846,?,?
?,ivn,camera-dynamic,rm,ИВН-РМС-60-П1,,Поворотная камера,54.19355272346320,45.17844445939370,?,?
?,ivn,camera-static,rm,ИВН-РМС-60-С3,,Стационарная камера,54.19354800496490,45.17855442996340,?,?
?,ivn,camera-static,rm,ИВН-РМС-60-С4,,Стационарная камера,54.19355744202560,45.17877973552060,?,?
?,ivn,camera-static,rm,ИВН-РМС-61-С1,,Стационарная камера,54.19321927931610,45.1847932481319,?,?
?,ivn,camera-static,rm,ИВН-РМС-62-С1,,Стационарная камера,54.19244542674910,45.17722405429180,?,?
?,ivn,camera-dynamic,rm,ИВН-РМС-62-П1,,Поворотная камера,54.19243913516100,45.17732329602510,?,?
?,ivn,camera-static,rm,ИВН-РМС-62-С2,,Стационарная камера,54.19239194860240,45.177266969636,?,?
?,ivn,camera-static,rm,ИВН-РМС-63-С1,,Стационарная камера,54.18982334263500,45.17783291573810,?,?
?,ivn,camera-dynamic,rm,ИВН-РМС-63-П1,,Поворотная камера,54.18985637528740,45.17774976725850,?,?
?,ivn,camera-static,rm,ИВН-РМС-63-С2,,Стационарная камера,54.18991772168670,45.17777390713970,?,?
?,ivn,camera-static,rm,ИВН-РМС-63-С3,,Стационарная камера,54.1904446674137,45.17784364457410,?,?
?,ivn,camera-static,rm,ИВН-РМС-63-С4,,Стационарная камера,54.19047769960360,45.17792142863560,?,?
?,ivn,camera-static,rm,ИВН-РМС-64-С1,,Стационарная камера,54.19447911860950,45.17856515880210,?,?
?,ivn,camera-static,rm,ИВН-РМС-64-С2,,Стационарная камера,54.19454045804820,45.17855711217490,?,?
?,ivn,camera-dynamic,rm,ИВН-РМС-64-П1,,Поворотная камера,54.19459393345900,45.17861343856440,?,?
?,ivn,camera-static,rm,ИВН-РМС-64-С3,,Стационарная камера,54.19458135102390,45.17872340913400,?,?
?,ivn,camera-static,rm,ИВН-РМС-65-С1,,Стационарная камера,54.1866678125547,45.16646839614480,?,?
?,ivn,camera-static,rm,ИВН-РМС-66-С1,,Стационарная камера,54.18686287722080,45.16651131148880,?,?
?,ivn,camera-dynamic,rm,ИВН-РМС-66-П1,,Поворотная камера,54.18685501180480,45.1667285704192,?,?
?,ivn,camera-static,rm,ИВН-РМС-66-С2,,Стационарная камера,54.18680781879380,45.16675002809130,?,?
?,ivn,camera-static,rm,ИВН-РМС-69-С3,,Стационарная камера,54.18720895756990,45.16614653106290,?,?
?,ivn,camera-static,rm,ИВН-РМС-69-С2,,Стационарная камера,54.1871822151003,45.16663469310370,?,?
?,ivn,camera-dynamic,rm,ИВН-РМС-69-П1,,Поворотная камера,54.18717434966480,45.16676075692740,?,?
?,ivn,camera-static,rm,ИВН-РМС-67-С1,,Стационарная камера,54.18725457703680,45.16678757901750,?,?
?,ivn,camera-static,rm,ИВН-РМС-69-С1,,Стационарная камера,54.18764470006340,45.16680367227160,?,?
?,ivn,camera-static,rm,ИВН-РМС-68-С1,,Стационарная камера,54.18517333395630,45.1909811043315,?,?
?,ivn,camera-static,rm,ИВН-РМС-68-С2,,Стационарная камера,54.18540930784190,45.19133515592150,?,?
?,ivn,camera-static,rm,ИВН-РМС-68-С3,,Стационарная камера,54.18538728366580,45.19171602960160,?,?
?,ivn,camera-static,rm,ИВН-РМС-70-С1,,Стационарная камера,54.18072890637440,45.17940737243210,?,?
?,ivn,camera-static,rm,ИВН-РМС-70-С2,,Стационарная камера,54.18086893282910,45.17943419452220,?,?
?,ivn,camera-static,rm,ИВН-РМС-70-С3,,Стационарная камера,54.18113954440310,45.17946638103040,?,?
?,ivn,camera-dynamic,rm,ИВН-РМС-70-П1,,Поворотная камера,54.1811662907953,45.17955221171890,?,?
?,ivn,camera-static,rm,ИВН-РМС-70-С4,,Стационарная камера,54.18111594461930,45.1802039885095,?,?
?,ivn,camera-static,rm,ИВН-РМС-71-С1,,Стационарная камера,54.18139284779080,45.18270380731140,?,?
?,ivn,camera-static,rm,ИВН-РМС-72-С1,,Стационарная камера,54.18130946236510,45.18268234963920,?,?
?,ivn,camera-static,rm,ИВН-РМС-72-С2,,Стационарная камера,54.18124967648700,45.18267430301220,?,?
?,ivn,camera-static,rm,ИВН-РМС-72-С3,,Стационарная камера,54.1812103436251,45.18329925771260,?,?
?,ivn,camera-dynamic,rm,ИВН-РМС-72-П1,,Поворотная камера,54.18111122464650,45.18327243562250,?,?
?,ivn,camera-static,rm,ИВН-РМС-71-С2,,Стационарная камера,54.1810246920097,45.18431313272030,?,?
?,ivn,camera-dynamic,rm,ИВН-РМС-72-П2,,Поворотная камера,54.18110965132750,45.18456526036770,?,?
?,ivn,camera-static,rm,ИВН-РМС-73-С1,,Стационарная камера,54.19943159265840,45.25293476815720,?,?
?,ivn,camera-static,rm,ИВН-РМС-73-С2,,Стационарная камера,54.19938441407070,45.25299377675550,?,?
?,ivn,camera-static,rm,ИВН-РМС-74-С1,,Стационарная камера,54.18074149292040,45.18564619060040,?,?
?,ivn,camera-dynamic,rm,ИВН-РМС-74-П1,,Поворотная камера,54.18067855954240,45.18569447036270,?,?
?,ivn,camera-dynamic,rm,ИВН-РМС-74-П2,,Поворотная камера,54.18112381109580,45.1876095675993,?,?
?,ivn,camera-static,rm,ИВН-РМС-74-С4,,Стационарная камера,54.18110178462640,45.18846787448410,?,?
?,ivn,camera-dynamic,rm,ИВН-РМС-74-П3,,Поворотная камера,54.18052122567850,45.18861807818900,?,?
?,ivn,camera-static,rm,ИВН-РМС-74-С2,,Стационарная камера,54.18061247938410,45.18669761653430,?,?
?,ivn,camera-static,rm,ИВН-РМС-74-С3,,Стационарная камера,54.18063293277010,45.18681831593990,?,?
?,ivn,camera-static,rm,ИВН-РМС-74-С5,,Стационарная камера,54.17999415285920,45.18661446805470,?,?
?,ivn,camera-dynamic,rm,ИВН-РМС-74-П4,,Поворотная камера,54.17977702836630,45.18660642142770,?,?
?,ivn,camera-static,rm,ИВН-РМС-74-С6,,Стационарная камера,54.17922949195290,45.1856944703626,?,?
?,ivn,camera-dynamic,rm,ИВН-РМС-74-П5,,Поворотная камера,54.17772687616250,45.18570519919850,?,?
?,ivn,camera-static,rm,ИВН-РМС-74-С7,,Стационарная камера,54.17779925472390,45.18577493663290,?,?
?,ivn,camera-static,rm,ИВН-РМС-75-С1,,Стационарная камера,54.18063922599820,45.19091673131420,?,?
?,ivn,camera-static,rm,ИВН-РМС-75-С2,,Стационарная камера,54.18064866601540,45.19130833383040,?,?
?,ivn,camera-static,rm,ИВН-РМС-75-С3,,Стационарная камера,54.18065181268460,45.19146926637130,?,?
?,ivn,camera-dynamic,rm,ИВН-РМС-75-П1,,Поворотная камера,54.18090039910890,45.19193060632190,?,?
?,ivn,camera-static,rm,ИВН-РМС-75-С4,,Стационарная камера,54.18042525158630,45.19246704812490,?,?
?,ivn,camera-static,rm,ИВН-РМС-75-С5,,Стационарная камера,54.18031511723630,45.19253142114110,?,?
?,ivn,camera-static,rm,ИВН-РМС-76-C1,,Стационарная камера,54.17977702824970,45.1927459978624,?,?
?,ivn,camera-dynamic,rm,ИВН-РМС-76-П1,,Поворотная камера,54.18024588984280,45.19347019429640,?,?
?,ivn,camera-static,rm,ИВН-РМС-76-C2,,Стационарная камера,54.18021442278900,45.19284255738690,?,?
?,ivn,camera-static,rm,ИВН-РМС-76-C3,,Стационарная камера,54.1802270095893,45.19303567643580,?,?
?,ivn,camera-static,rm,ИВН-РМС-77-C2,,Стационарная камера,54.17151758021650,45.18678076501170,?,?
?,ivn,camera-static,rm,ИВН-РМС-77-C1,,Стационарная камера,54.17165606432400,45.18679149384780,?,?
?,ivn,camera-static,rm,ИВН-РМС-78-С1,,Стационарная камера,54.18644600298350,45.18181063170680,?,?
?,ivn,camera-static,rm,ИВН-РМС-81-С2,,Стационарная камера,54.18600552839020,45.18196351762060,?,?
?,ivn,camera-static,rm,ИВН-РМС-81-С1,,Стационарная камера,54.18612193998900,45.18205471272710,?,?
?,ivn,camera-static,rm,ИВН-РМС-80-С1,,Стационарная камера,54.18842336112680,45.18303640122640,?,?
?,ivn,camera-static,rm,ИВН-РМС-80-С2,,Стационарная камера,54.18833841690130,45.18300421471830,?,?
?,ivn,camera-static,rm,ИВН-РМС-84-С1,,Стационарная камера,54.18307175298050,45.18495418067190,?,?
?,ivn,camera-static,rm,ИВН-РМС-85-C1,,Стационарная камера,54.18959075998650,45.18343605036910,?,?
?,ivn,camera-static,rm,ИВН-РМС-85-C2,,Стационарная камера,54.1895309861896,45.18344677920540,?,?
?,ivn,camera-static,rm,ИВН-РМС-85-C3,,Стационарная камера,54.18957188410790,45.18354065652100,?,?
?,ivn,camera-static,rm,ИВН-РМС-85-C4,,Стационарная камера,54.18951682925290,45.18354333872990,?,?
?,ivn,camera-static,rm,ИВН-РМС-86-C1,,Стационарная камера,54.22765456231350,45.13690240616980,?,?
?,ivn,camera-static,rm,ИВН-РМС-86-C2,,Стационарная камера,54.22759012913910,45.1370928430099,?,?
?,ivn,camera-static,rm,ИВН-РМС-86-C3,,Стационарная камера,54.22756341291690,45.13733155961220,?,?
?,ivn,camera-static,rm,ИВН-РМС-89-С1,,Стационарная камера,54.18931469927840,45.18583394522810,?,?
?,ivn,camera-static,rm,ИВН-РМС-89-С2,,Стационарная камера,54.1893241373382,45.18573738570360,?,?
?,ivn,camera-dynamic,rm,ИВН-РМС-89-П1,,Поворотная камера,54.18927222812570,45.1856756948963,?,?
?,ivn,camera-static,rm,ИВН-РМС-89-С3,,Стационарная камера,54.18902998433250,45.18569178815040,?,?
?,ivn,camera-static,rm,ИВН-РМС-89-С4,,Стационарная камера,54.18885223310370,45.18567837710530,?,?
?,ivn,camera-static,rm,ИВН-РМС-90-С1,,Стационарная камера,54.22597140890970,45.1209378981128,?,?
?,ivn,camera-static,rm,ИВН-РМС-90-С2,,Стационарная камера,54.22574981216150,45.12116052146110,?,?
?,ivn,camera-static,rm,ИВН-РМС-90-С3,,Стационарная камера,54.22558793577040,45.12074209685470,?,?
?,ivn,camera-static,rm,ИВН-РМС-91-С1,,Стационарная камера,54.16888887521480,45.13154871697550,?,?
?,ivn,camera-dynamic,rm,ИВН-РМС-91-П1,,Поворотная камера,54.16890618685480,45.13196177716380,?,?
?,ivn,camera-static,rm,ИВН-РМС-91-С2,,Стационарная камера,54.168874711129,45.13204760785230,?,?
?,ivn,camera-static,rm,ИВН-РМС-91-С3,,Стационарная камера,54.16874723420980,45.13244189257750,?,?
?,ivn,camera-static,rm,ИВН-РМС-91-С4,,Стационарная камера,54.16859614994270,45.13285227055680,?,?
?,ivn,camera-static,rm,ИВН-РМС-92-С1,,Стационарная камера,54.19586259979960,45.18810461109220,?,?
?,ivn,camera-static,rm,ИВН-РМС-92-С2,,Стационарная камера,54.19586102704040,45.18819044178070,?,?
?,ivn,camera-static,rm,ИВН-РМС-92-С3,,Стационарная камера,54.19589248213220,45.18825213258800,?,?
?,ivn,camera-dynamic,rm,ИВН-РМС-92-П1,,Поворотная камера,54.19649012429440,45.18897901123100,?,?
?,ivn,camera-dynamic,rm,ИВН-РМС-92-П2,,Поворотная камера,54.19532314122870,45.18898437564900,?,?
?,ivn,camera-static,rm,ИВН-РМС-92-С4,,Стационарная камера,54.19696823168990,45.18917749469770,?,?
?,ivn,camera-static,rm,ИВН-РМС-93-С1,,Стационарная камера,54.16342590105980,45.14838645999940,?,?
?,ivn,camera-dynamic,rm,ИВН-РМС-93-П1,,Поворотная камера,54.16352506262030,45.14839987104450,?,?
?,ivn,camera-static,rm,ИВН-РМС-94-С1,,Стационарная камера,54.15999444910970,45.14835695569980,?,?
?,ivn,camera-static,rm,ИВН-РМС-94-С3,,Стационарная камера,54.16003537636650,45.14959613626470,?,?
?,ivn,camera-static,rm,ИВН-РМС-94-С2,,Стационарная камера,54.15972055026310,45.14910797422400,?,?
?,ivn,camera-static,rm,ИВН-РМС-95-С2,,Стационарная камера,54.15540719033460,45.16611854379590,?,?
?,ivn,camera-static,rm,ИВН-РМС-95-С1,,Стационарная камера,54.15548275672520,45.16618291681220,?,?
?,ivn,camera-static,rm,ИВН-РМС-95-С3,,Стационарная камера,54.15531430644330,45.16629020517280,?,?
?,ivn,camera-static,rm,ИВН-РМС-96-С1,,Стационарная камера,54.17656980858090,45.12816528623480,?,?
?,ivn,camera-static,rm,ИВН-РМС-96-С2,,Стационарная камера,54.17657924953140,45.1288546139516,?,?
?,ivn,camera-dynamic,rm,ИВН-РМС-96-П1,,Поворотная камера,54.17623465328600,45.12884120290650,?,?
?,ivn,camera-static,rm,ИВН-РМС-97-С2,,Стационарная камера,54.16118289690290,45.15683005397680,?,?
?,ivn,camera-dynamic,rm,ИВН-РМС-97-П1,,Поворотная камера,54.16104909982790,45.15677909200550,?,?
?,ivn,camera-static,rm,ИВН-РМС-97-С1,,Стационарная камера,54.16142215646010,45.15611658637880,?,?
?,ivn,camera-static,rm,ИВН-РМС-97-С3,,Стационарная камера,54.16085706090740,45.15566329305530,?,?
?,ivn,camera-static,rm,ИВН-РМС-98-С1,,Стационарная камера,54.16132613795150,45.15546212737910,?,?
?,ivn,camera-dynamic,rm,ИВН-РМС-98-П1,,Поворотная камера,54.16163150739630,45.15559623782990,?,?
?,ivn,camera-static,rm,ИВН-РМС-98-С2,,Стационарная камера,54.16202502138490,45.15570889060850,?,?
?,ivn,camera-static,rm,ИВН-РМС-99-С1,,Стационарная камера,54.16063983544930,45.15555332248560,?,?
?,ivn,camera-dynamic,rm,ИВН-РМС-99-П1,,Поворотная камера,54.16062094622830,45.15536020343650,?,?
?,ivn,camera-static,rm,ИВН-РМС-100-С1,,Стационарная камера,54.16186446811800,45.15713046138640,?,?
?,ivn,camera-dynamic,rm,ИВН-РМС-100-П1,,Поворотная камера,54.16184872756510,45.15740404670590,?,?
?,ivn,camera-static,rm,ИВН-РМС-100-С2,,Стационарная камера,54.16168187737720,45.15734503810760,?,?
?,ivn,camera-static,rm,ИВН-РМС-101-С4,,Стационарная камера,54.16038483021590,45.15829722230780,?,?
?,ivn,camera-dynamic,rm,ИВН-РМС-101-П1,,Поворотная камера,54.16039899714990,45.15819529836500,?,?
?,ivn,camera-static,rm,ИВН-РМС-101-С1,,Стационарная камера,54.16045409104730,45.15823016708240,?,?
?,ivn,camera-static,rm,ИВН-РМС-101-С2,,Стационарная камера,54.16071066993080,45.15936742370480,?,?
?,ivn,camera-static,rm,ИВН-РМС-101-С3,,Стационарная камера,54.16032186571860,45.1592708641802,?,?
?,ivn,camera-static,rm,ИВН-РМС-104-С1,,Стационарная камера,54.84312282861600,46.24296377246700,?,?
?,ivn,camera-static,rm,ИВН-РМС-104-С2,,Стационарная камера,54.84317081389000,46.24299864118430,?,?
?,ivn,camera-static,rm,ИВН-РМС-104-С3,,Стационарная камера,54.84322189492570,46.24303619211050,?,?
?,ivn,camera-dynamic,rm,ИВН-РМС-104-П1,,Поворотная камера,54.84323737398570,46.24311397617180,?,?
?,ivn,camera-static,rm,ИВН-РМС-105-С2,,Стационарная камера,54.42690903800590,43.80104849880030,?,?
?,ivn,camera-dynamic,rm,ИВН-РМС-105-П1,,Поворотная камера,54.42693406055190,43.80112628286170,?,?
?,ivn,camera-static,rm,ИВН-РМС-105-С3,,Стационарная камера,54.42689027104310,43.80120674913220,?,?
?,ivn,camera-static,rm,ИВН-РМС-105-С1,,Стационарная камера,54.42683553416610,43.80095193927580,?,?
?,ivn,camera-static,rm,ИВН-РМС-105-С6,,Стационарная камера,54.42662440540470,43.80126307552150,?,?
?,ivn,camera-static,rm,ИВН-РМС-105-С5,,Стационарная камера,54.42667445083950,43.80141059701730,?,?
?,ivn,camera-static,rm,ИВН-РМС-105-С4,,Стационарная камера,54.4267385714632,43.80143205468940,?,?
?,ivn,camera-static,rm,ИВН-РМС-106-С1,,Стационарная камера,54.03904835533130,43.91156930051820,?,?
?,ivn,camera-static,rm,ИВН-РМС-106-С2,,Стационарная камера,54.03913202869310,43.9114620121576,?,?
?,ivn,camera-static,rm,ИВН-РМС-106-С3,,Стационарная камера,54.03917939089460,43.91151029191990,?,?
?,ivn,camera-static,rm,ИВН-РМС-106-С4,,Стационарная камера,54.03927253640300,43.91196090303440,?,?
?,ivn,camera-static,rm,ИВН-РМС-106-С5,,Стационарная камера,54.03925359156630,43.91205478034990,?,?
?,ivn,camera-dynamic,rm,ИВН-РМС-106-П1,,Поворотная камера,54.03918728458260,43.91209769569410,?,?
?,ivn,camera-static,rm,ИВН-РМС-106-С7,,Стационарная камера,54.0391367649047,43.91203600488680,?,?
?,ivn,camera-static,rm,ИВН-РМС-107-С5,,Стационарная камера,54.62401952116080,43.23128867469770,?,?
?,ivn,camera-static,rm,ИВН-РМС-107-С4,,Стационарная камера,54.62411445804350,43.23138791643130,?,?
?,ivn,camera-static,rm,ИВН-РМС-107-С1,,Стационарная камера,54.62418293696830,43.23080319486610,?,?
?,ivn,camera-static,rm,ИВН-РМС-107-С2,,Стационарная камера,54.6242654227685,43.23083806358320,?,?
?,ivn,camera-static,rm,ИВН-РМС-107-С3,,Стационарная камера,54.62426697911740,43.23099363170610,?,?
?,ivn,camera-dynamic,rm,ИВН-РМС-107-П1,,Поворотная камера,54.62430900013120,43.23091584764470,?,?
?,ivn,camera-static,rm,ИВН-РМС-108-С1,,Стационарная камера,54.0809617138159,42.83722389064760,?,?
?,ivn,camera-static,rm,ИВН-РМС-108-С2,,Стационарная камера,54.08097433096710,42.83741432748760,?,?
?,ivn,camera-static,rm,ИВН-РМС-108-С3,,Стационарная камера,54.08086077642900,42.83740628086060,?,?
?,ivn,camera-static,rm,ИВН-РМС-108-С4,,Стационарная камера,54.08086866217060,42.83721316181150,?,?
?,ivn,camera-dynamic,rm,ИВН-РМС-109-П1,,Поворотная камера,54.0566338208823,44.94885744336200,?,?
?,ivn,camera-static,rm,ИВН-РМС-109-С1,,Стационарная камера,54.0566432893167,44.94854094269820,?,?
?,ivn,camera-static,rm,ИВН-РМС-109-С2,,Стационарная камера,54.05626612818130,44.94882525685380,?,?
?,ivn,camera-static,rm,ИВН-РМС-109-С3,,Стационарная камера,54.05630873651500,44.9488923120792,?,?
?,ivn,camera-static,rm,ИВН-РМС-110-С2,,Стационарная камера,54.05576587148320,44.94928659680440,?,?
?,ivn,camera-static,rm,ИВН-РМС-110-С1,,Стационарная камера,54.05576271527040,44.94995446684910,?,?
?,ivn,camera-static,rm,ИВН-РМС-110-С3,,Стационарная камера,54.05577376201420,44.94859995129650,?,?
?,ivn,camera-dynamic,rm,ИВН-РМС-110-П1,,Поворотная камера,54.05575955905740,44.94849266293600,?,?
?,ivn,camera-static,rm,ИВН-РМС-110-С4,,Стационарная камера,54.05557649828910,44.94851412060810,?,?
?,ivn,camera-static,rm,ИВН-РМС-110-С5,,Стационарная камера,54.05554651412050,44.94888426545210,?,?
?,ivn,camera-static,rm,ИВН-РМС-110-С6,,Стационарная камера,54.05554651412050,44.94971843245580,?,?
?,ivn,camera-dynamic,rm,ИВН-РМС-110-П2,,Поворотная камера,54.05553231108570,44.9499812889392,?,?
?,ivn,camera-static,rm,ИВН-РМС-110-С7,,Стационарная камера,54.05559859187310,44.95002688649250,?,?
?,ivn,camera-dynamic,rm,ИВН-РМС-111-П1,,Поворотная камера,54.05736604032420,44.94876356604630,?,?
?,ivn,camera-static,rm,ИВН-РМС-111-С1,,Стационарная камера,54.05753962493940,44.94876088383730,?,?
?,ivn,camera-static,rm,ИВН-РМС-111-С2,,Стационарная камера,54.05760590250550,44.94875015500120,?,?
?,ivn,camera-static,rm,ИВН-РМС-111-С3,,Стационарная камера,54.05780157851680,44.94872333291110,?,?
?,ivn,camera-static,rm,ИВН-РМС-112-С6,,Стационарная камера,54.18930207381210,45.2354219723038,?,?
?,ivn,camera-static,rm,ИВН-РМС-112-С5,,Стационарная камера,54.18936027499020,45.23548098090210,?,?
?,ivn,camera-static,rm,ИВН-РМС-112-С2,,Стационарная камера,54.18980543262950,45.23551584961930,?,?
?,ivn,camera-dynamic,rm,ИВН-РМС-112-П1,,Поворотная камера,54.18971419926440,45.23557217600860,?,?
?,ivn,camera-static,rm,ИВН-РМС-112-С1,,Стационарная камера,54.18981329752190,45.23568482878720,?,?
?,ivn,camera-static,rm,ИВН-РМС-112-С3,,Стационарная камера,54.18981958947500,45.23497136118930,?,?
?,ivn,camera-static,rm,ИВН-РМС-112-С4,,Стационарная камера,54.18931465785360,45.23485870841070,?,?
?,ivn,camera-static,rm,ИВН-РМС-112-С7,,Стационарная камера,54.18953802400830,45.23440005066910,?,?
?,ivn,camera-static,rm,ИВН-РМС-113-C1,,Стационарная камера,54.18947667701880,45.18984587672250,?,?
?,ivn,camera-dynamic,rm,ИВН-РМС-113-П1,,Поворотная камера,54.18945780102340,45.18995048287410,?,?
?,ivn,camera-static,rm,ИВН-РМС-113-C2,,Стационарная камера,54.18953645094690,45.19001753809940,?,?
?,ivn,camera-static,rm,ИВН-РМС-114-C1,,Стационарная камера,54.18929735452790,45.18784494879720,?,?
?,ivn,camera-dynamic,rm,ИВН-РМС-114-П1,,Поворотная камера,54.18929735452790,45.18796296599390,?,?
?,ivn,camera-static,rm,ИВН-РМС-114-C3,,Стационарная камера,54.18924544529370,45.1878610420513,?,?
?,ivn,camera-static,rm,ИВН-РМС-114-C2,,Стационарная камера,54.18924229927740,45.18798710587500,?,?
?,ivn,camera-static,rm,ИВН-РМС-118-С4,,Стационарная камера,54.23377992485080,45.19228936913440,?,?
?,ivn,camera-static,rm,ИВН-РМС-118-С3,,Стационарная камера,54.23385220482820,45.19238324645000,?,?
?,ivn,camera-dynamic,rm,ИВН-РМС-118-П1,,Поворотная камера,54.23436601752390,45.19236178877780,?,?
?,ivn,camera-static,rm,ИВН-РМС-118-С2,,Стационарная камера,54.23487982378940,45.19235910656880,?,?
?,ivn,camera-static,rm,ИВН-РМС-118-С1,,Стационарная камера,54.23495995812880,45.19229473355250,?,?
?,ivn,camera-static,rm,ИВН-РМС-119-С1,,Стационарная камера,54.20459199548600,45.17760427477770,?,?
?,ivn,camera-dynamic,rm,ИВН-РМС-119-П1,,Поворотная камера,54.20456998157660,45.17803342822000,?,?
?,ivn,camera-static,rm,ИВН-РМС-119-С2,,Стационарная камера,54.20456683673200,45.17815949204370,?,?
?,ivn,camera-static,rm,ИВН-РМС-120-С1,,Стационарная камера,54.1956570893342,45.18572057077450,?,?
?,ivn,camera-dynamic,rm,ИВН-РМС-120-П1,,Поворотная камера,54.19600781398530,45.18603975364730,?,?
?,ivn,camera-static,rm,ИВН-РМС-120-С3,,Стационарная камера,54.1960109594803,45.18514926025440,?,?
?,ivn,camera-static,rm,ИВН-РМС-120-С2,,Стационарная камера,54.19607386940650,45.18525386640590,?,?
?,ivn,camera-static,rm,ИВН-РМС-120-С4,,Стационарная камера,54.19571528151140,45.18518144676260,?,?
?,ivn,camera-static,rm,ИВН-РМС-116-С1,,Стационарная камера,54.40331428355840,45.78035021612190,?,?
?,ivn,camera-static,rm,ИВН-РМС-116-С2,,Стационарная камера,54.40360533801460,45.78220094034220,?,?
?,ivn,camera-static,rm,ИВН-РМС-116-С3,,Стационарная камера,54.40344885732410,45.78251744100560,?,?
?,ivn,camera-static,rm,ИВН-РМС-116-С4,,Стационарная камера,54.40332680210170,45.78234041521100,?,?
?,ivn,camera-dynamic,rm,ИВН-РМС-116-П1,,Поворотная камера,54.40326733913260,45.78015173265480,?,?
?,ivn,camera-static,rm,ИВН-РМС-116-С7,,Стационарная камера,54.40316719077840,45.78018391916300,?,?
?,ivn,camera-static,rm,ИВН-РМС-116-С6,,Стационарная камера,54.40303574569060,45.78032875844980,?,?
?,ivn,camera-static,rm,ИВН-РМС-116-С5,,Стационарная камера,54.40306078288280,45.78053797075300,?,?
?,ivn,camera-static,rm,ИВН-РМС-117-С1,,Стационарная камера,53.87069170078170,44.36348403284100,?,?
?,ivn,camera-dynamic,rm,ИВН-РМС-117-П1,,Поворотная камера,53.87075986266130,44.3635269481852,?,?
?,ivn,camera-static,rm,ИВН-РМС-117-С2,,Стационарная камера,53.87073291494990,44.36361546108270,?,?
?,ivn,camera-static,rm,121 рубеж ИВН-РМС-9-С4,,Стационарная камера,54.20823569652200,45.12912864276780,?,?
?,ivn,camera-static,rm,121 рубеж ИВН-РМС-9-С6,,Стационарная камера,54.20818852831710,45.12932712623600,?,?
?,ivn,camera-static,rm,122 рубеж ИВН-РМС-9-С7,,Стационарная камера,54.17356530231660,45.17026833724580,?,?
?,ivn,camera-static,rm,123 рубеж ИВН-РМС-9-С9,,Стационарная камера,54.18099205956500,45.17732522916460,?,?
?,ivn,camera-static,rm,125 рубеж ИВН-РМС-9-C10,,Стационарная камера,54.16969678618450,45.19123784732440,?,?
?,ivn,camera-dynamic,rm,126 рубеж ИВН-РМС-9-П3,,Поворотная камера,54.18018133700200,45.1936813671303,?,?
?,ivn,camera-dynamic,rm,128 рубеж ИВН-РМС-9-П1,,Поворотная камера,54.14867541276170,45.22335032642300,?,?
?,ivn,camera-static,rm,124 рубеж ИВН-РМС-9-С3,,Стационарная камера,54.1398805649504,45.21746824205310,?,?
?,ivn,camera-biometric,rm,1 - БИО-САР-А1,,Биометрическая камера,54.19531226730290,45.14065366955230,?,?
?,ivn,camera-biometric,rm,1 - БИО-САР-А2,,Биометрическая камера,54.19518487223590,45.14042568178600,?,?
?,ivn,camera-biometric,rm,2 - БИО-САР-В1,,Биометрическая камера,54.19526980228790,45.1904569265406,?,?
?,ivn,camera-biometric,rm,2 - БИО-САР-В2,,Биометрическая камера,54.19520846389220,45.1904622909586,?,?
?,ivn,camera-biometric,rm,2 - БИО-2-САР-В5,,Биометрическая камера,54.19512510641600,45.19096922846220,?,?
?,ivn,camera-biometric,rm,2 - БИО-2-САР-В4,,Биометрическая камера,54.19517071696550,45.19092094869970,?,?
?,ivn,camera-biometric,rm,2 - БИО-2-САР-В3,,Биометрическая камера,54.19512196090170,45.19051325292990,?,?
?,ivn,camera-biometric,rm,3 - БИО-АЭРО-1,,Биометрическая камера,54.14769116005780,45.2217448946991,?,?
?,ivn,camera-biometric,rm,3 - БИО-АЭРО-2,,Биометрическая камера,54.1476643919145,45.22182804317860,?,?
?,ivn,camera-biometric,rm,3 - БИО-АЭРО-4,,Биометрическая камера,54.14766124272000,45.22165638180160,?,?
?,ivn,camera-biometric,rm,3 - БИО-АЭРО-3,,Биометрическая камера,54.14759983337980,45.22175294132610,?,?
?,ivn,camera-biometric,rm,3 - БИО-2-АЭРО-6,,Биометрическая камера,54.13850394225140,45.21746408911120,?,?
?,ivn,camera-biometric,rm,3 - БИО-2-АЭРО-9,,Биометрическая камера,54.13788655834780,45.21673989267720,?,?
?,ivn,camera-biometric,rm,3 - БИО-2-АЭРО-8,,Биометрическая камера,54.137977906549,45.21695446939840,?,?
?,ivn,camera-biometric,rm,3 - БИО-2-АЭРО-7,,Биометрическая камера,54.1382676995028,45.21673989267720,?,?
?,ivn,camera-biometric,rm,3 - БИО-2-АЭРО-5,,Биометрическая камера,54.13867088630290,45.21944355936420,?,?
?,ivn,camera-biometric,rm,4 - БИО-РУЗ-А2,,Биометрическая камера,54.05648361098260,44.94873088569990,?,?
?,ivn,camera-biometric,rm,4 - БИО-РУЗ-А1,,Биометрическая камера,54.05641417545070,44.94876843662610,?,?
?,ivn,camera-biometric,rm,5 - БИО-РУЗ-В1,,Биометрическая камера,54.05566171616990,44.94917076797830,?,?
?,ivn,camera-biometric,rm,5 - БИО-РУЗ-В2,,Биометрическая камера,54.05566645050060,44.94928342075690,?,?
?,ivn,camera-biometric,rm,5 - БИО-2-РУЗ-В5,,Биометрическая камера,54.05580058964420,44.95010149450640,?,?
?,ivn,camera-biometric,rm,5 - БИО-2-РУЗ-В6,,Биометрическая камера,54.05580690206370,44.95020610065800,?,?
?,ivn,camera-biometric,rm,5 - БИО-2-РУЗ-В3,,Биометрическая камера,54.05598207132230,44.95010149450640,?,?
?,ivn,camera-biometric,rm,5 - БИО-2-РУЗ-В4,,Биометрическая камера,54.05598680561250,44.9501873251949,?,?
?,ivn,telecom-unit,city,Щит связи для рубежа ИВН-МУН-ДПАРК,"г. Саранск, Детский парк имени И.Д. Усыскина",Вспомогательное здание,54.1746926762425,45.170468445493400,?,?
?,ivn,telecom-unit,city,Щит связи 2 для рубежа ПРА,"г. Саранск, проспект Российской Армии, 3/1",Уточнить местоположение внутри здания,54.18179890352030,45.21001810048930,?,?
?,ivn,telecom-unit,city,Щит связи 1 для рубежа ПРА,"г. Саранск, проспект Российской Армии, 2/1",Уточнить местоположение внутри здания,54.18060633032270,45.20958894704680,?,?
?,ivn,telecom-unit,city,Щит связи 4 для рубежа ПРА,"г. Саранск, проспект Российской Армии, 3/2",Уточнить местоположение внутри здания,54.181518856469700,45.211898329008800,?,?
?,ivn,telecom-unit,city,Щит связи 3 для рубежа ПРА,"г. Саранск, проспект Российской Армии, 2/2",Уточнить местоположение внутри здания,54.18048203637190,45.21150404428330,?,?
?,ivn,telecom-unit,city,Щит связи 6 для рубежа ПРА,"г. Саранск, проспект Российской Армии, 5",Уточнить местоположение внутри здания,54.18146379081280,45.213113369692400,?,?
?,ivn,telecom-unit,city,Щит связи 5 для рубежа ПРА,"г. Саранск, проспект Российской Армии, 6",Уточнить местоположение внутри здания,54.180381342333000,45.21266812299600,?,?
?,ivn,telecom-unit,city,Щит связи 7 для рубежа ПРА,"г. Саранск, проспект Российской Армии, 10",Уточнить местоположение внутри здания,54.18003992470520,45.2140682361018,?,?
?,ivn,telecom-unit,city,Щит связи 8 для рубежа ПРА,"г. Саранск, проспект Российской Армии, 10",Уточнить местоположение внутри здания,54.17996597671660,45.214489342917200,?,?
?,ivn,telecom-unit,city,Щит связи 9 для рубежа ПРА,"г. Саранск, проспект Российской Армии, 7",Уточнить местоположение внутри здания (Школа №17),54.18118059476510,45.216340067137200,?,?
?,ivn,telecom-unit,city,Щит связи 10 для рубежа ПРА,"г. Саранск, проспект Российской Армии, 18",Уточнить местоположение внутри здания,54.17970637092120,45.21649563525980,?,?
?,ivn,telecom-unit,city,Щит связи 11 для рубежа ПРА,"г. Саранск, проспект Российской Армии, 18",Уточнить местоположение внутри здания,54.179586794373300,45.21724933599320,?,?
?,ivn,telecom-unit,city,Щит связи 13 для рубежа ПРА,"г. Саранск, проспект Российской Армии, 17",Уточнить местоположение внутри здания,54.18034515534610,45.21934414123390,?,?
?,ivn,telecom-unit,city,Щит связи 12 для рубежа ПРА,"г. Саранск, проспект Российской Армии, 13",Уточнить местоположение внутри здания,54.17940742893210,45.21833831285290,?,?
?,ivn,telecom-unit,city,Щит связи для рубежа ЭКОПАРК,"г. Саранск, Экопарк на Моховой",Уточнить местоположение ,54.184502517995800,45.20260045145790,?,?
?,ivn,telecom-unit,city,Щит связи для рубежа ИВН-МУН-ХУДШКОЛА,"г. Саранск, Московская улица, 5",Уточнить местоположение внутри здания (художественная школа № 1 им. П. Ф. Рябова),54.179084259819500,45.18535939939100,?,?
?,ivn,telecom-unit,city,Щит связи для рубежа А_СЛАВЫ,"г. Саранск, Аллея славы (за зданием Госсобрания)",Уточнить местоположение ,54.179747047735000,45.18996341116500,?,?
?,ivn,telecom-unit,city,Щит связи 2 для рубежа ТПП,"г. Саранск, Московская улица, 14 (напротив здания ТПП)",Уточнить местоположение,54.17819724738160,45.1864832449663,?,?
?,ivn,telecom-unit,city,Щит связи для рубежа КР_МУЗЕЙ,"г. Саранск, Саранская улица, 2",Уточнить местоположение внутри здания (здание Краеведческого музея),54.177866826235100,45.179831366611200,?,?
?,ivn,telecom-unit,city,Щит связи 1 для рубежа ТПП,"г. Саранск, Московская улица, 14",Уточнить местоположение внутри здания (здание Торгово-промышленной палаты),54.17754584259930,45.18656907565660,?,?
?,ivn,telecom-unit,city,Щит связи для рубежа ЛЕД_ДВОРЕЦ,"г. Саранск, Красная улица, 40",Уточнить местоположение внутри здания (Ледовый дворец),54.17743884749650,45.19086061008040,?,?
?,ivn,camera-dynamic,city,ИВН-МУН-ДПАРК-П4,,Поворотная камера,54.174350587190800,45.17073521022010,?,?
?,ivn,camera-static,city,ИВН-МУН-ДПАРК-С1,,Стационарная камера,54.17467474281770,45.170794218818200,?,?
?,ivn,camera-static,city,ИВН-МУН-ДПАРК-С4,,Стационарная камера,54.17478489226610,45.171191185752600,?,?
?,ivn,camera-dynamic,city,ИВН-МУН-ДПАРК-П1,,Поворотная камера,54.174983784684200,45.17173444814860,?,?
?,ivn,camera-static,city,ИВН-МУН-ДПАРК-С10,,Стационарная камера,54.17528905287170,45.17106657810390,?,?
?,ivn,camera-static,city,ИВН-МУН-ДПАРК-С6,,Стационарная камера,54.17652426443860,45.17385339327030,?,?
?,ivn,camera-dynamic,city,ИВН-МУН-ДПАРК-П2,,Поворотная камера,54.17669420147210,45.17356907911470,?,?
?,ivn,camera-static,city,ИВН-МУН-ДПАРК-С7,,Стационарная камера,54.17688144609530,45.172514970971800,?,?
?,ivn,camera-dynamic,city,ИВН-МУН-ДПАРК-П3,,Поворотная камера,54.176903474814900,45.172665174676700,?,?
?,ivn,camera-static,city,ИВН-МУН-ДПАРК-С9,,Стационарная камера,54.17641254616120,45.17203485555810,?,?
?,ivn,camera-static,city,ИВН-МУН-ПРА-С1,,Стационарная камера,54.18151098994810,45.21032119010810,?,?
?,ivn,camera-dynamic,city,ИВН-МУН-ПРА-П1,,Поворотная камера,54.181624267652800,45.20963186239120,?,?
?,ivn,camera-static,city,ИВН-МУН-ПРА-С2,,Стационарная камера,54.18096662320340,45.20931804393620,?,?
?,ivn,camera-static,city,ИВН-МУН-ПРА-С3,,Стационарная камера,54.180691290588300,45.211112441767500,?,?
?,ivn,camera-static,city,ИВН-МУН-ПРА-С4,,Стационарная камера,54.181179021472700,45.212177278746100,?,?
?,ivn,camera-dynamic,city,ИВН-МУН-ПРА-П2,,Поворотная камера,54.18050563661170,45.21246427511090,?,?
?,ivn,camera-static,city,ИВН-МУН-ПРА-С6,,Стационарная камера,54.18116958158110,45.21313214515560,?,?
?,ivn,camera-static,city,ИВН-МУН-ПРА-С8,,Стационарная камера,54.1802306939537,45.21385634158930,?,?
?,ivn,camera-static,city,ИВН-МУН-ПРА-С9,,Стационарная камера,54.18012645925150,45.21473610614630,?,?
?,ivn,camera-static,city,ИВН-МУН-ПРА-С11,,Стационарная камера,54.180754223749900,45.216016860950800,?,?
?,ivn,camera-dynamic,city,ИВН-МУН-ПРА-П3,,Поворотная камера,54.180749503707500,45.21604636524970,?,?
?,ivn,camera-static,city,ИВН-МУН-ПРА-С12,,Стационарная камера,54.1804600094789,45.21762752746400,?,?
?,ivn,camera-static,city,ИВН-МУН-ПРА-С15,,Стационарная камера,54.179877868133300,45.216377618063200,?,?
?,ivn,camera-static,city,ИВН-МУН-ПРА-С16,,Стационарная камера,54.179711090926600,45.217493417013400,?,?
?,ivn,camera-static,city,ИВН-МУН-ПРА-С17,,Стационарная камера,54.180244460936000,45.21911883567670,?,?
?,ivn,camera-static,city,ИВН-МУН-ПРА-С18,,Стационарная камера,54.18020355375590,45.2193709633241,?,?
?,ivn,camera-static,city,ИВН-МУН-ПРА-С19,,Стационарная камера,54.18016264653910,45.21977865909440,?,?
?,ivn,camera-static,city,ИВН-МУН-ПРА-С20,,Стационарная камера,54.17962455549100,45.21846705888600,?,?
?,ivn,camera-dynamic,city,ИВН-МУН-ПРА-П4,,Поворотная камера,54.17957735418480,45.218526067484400,?,?
?,ivn,camera-dynamic,city,ИВН-МУН-ЭКОПАРК-П1,,Поворотная камера,54.18450094475400,45.20261721526410,?,?
?,ivn,camera-static,city,ИВН-МУН-ЭКОПАРК-С1,,Стационарная камера,54.18451077711870,45.20261453305500,?,?
?,ivn,camera-static,city,ИВН-МУН-ЭКОПАРК-С17,,Стационарная камера,54.1855683397603,45.20348356877550,?,?
?,ivn,camera-dynamic,city,ИВН-МУН-ЭКОПАРК-П5,,Поворотная камера,54.18607961010900,45.20364450131680,?,?
?,ivn,camera-static,city,ИВН-МУН-ЭКОПАРК-С15,,Стационарная камера,54.187200449309300,45.20378934060340,?,?
?,ivn,camera-static,city,ИВН-МУН-ЭКОПАРК-С13,,Стационарная камера,54.18818518951090,45.20471336160910,?,?
?,ivn,camera-static,city,ИВН-МУН-ЭКОПАРК-С12,,Стационарная камера,54.18794451236420,45.20559312616600,?,?
?,ivn,camera-dynamic,city,ИВН-МУН-ЭКОПАРК-П4,,Поворотная камера,54.18823080789150,45.20524175678490,?,?
?,ivn,camera-static,city,ИВН-МУН-ЭКОПАРК-С10,,Стационарная камера,54.187552819087,45.20540268932570,?,?
?,ivn,camera-static,city,ИВН-МУН-ЭКОПАРК-С9,,Стационарная камера,54.18713437958090,45.20525785003900,?,?
?,ivn,camera-static,city,ИВН-МУН-ЭКОПАРК-С8,,Стационарная камера,54.18666874266160,45.205209570276700,?,?
?,ivn,camera-static,city,ИВН-МУН-ЭКОПАРК-С6,,Стационарная камера,54.18579408609310,45.204421000826300,?,?
?,ivn,camera-dynamic,city,ИВН-МУН-ЭКОПАРК-П3,,Поворотная камера,54.186124444171400,45.20497353588340,?,?
?,ivn,camera-static,city,ИВН-МУН-ЭКОПАРК-С4,,Стационарная камера,54.185248202777300,45.20430700694280,?,?
?,ivn,camera-dynamic,city,ИВН-МУН-ЭКОПАРК-П2,,Поворотная камера,54.184604775042100,45.203906016695400,?,?
?,ivn,camera-static,city,ИВН-МУН-ЭКОПАРК-С2,,Стационарная камера,54.18469601969880,45.20488234077680,?,?
?,ivn,camera-dynamic,city,ИВН-МУН-ХУДШКОЛА-П1,,Поворотная камера,54.1790700994373,45.185362752152900,?,?
?,ivn,camera-static,city,ИВН-МУН-ХУДШКОЛА-С1,,Стационарная камера,54.17894422747840,45.18307751007220,?,?
?,ivn,camera-static,city,ИВН-МУН-А_СЛАВЫ-С1,,Стационарная камера,54.17973878761590,45.18993994183620,?,?
?,ivn,camera-static,city,ИВН-МУН-А_СЛАВЫ-С2,,Стационарная камера,54.179572009954100,45.19009685106400,?,?
?,ivn,camera-static,city,ИВН-МУН-ТПП-С2,,Стационарная камера,54.178450176182500,45.18717324323740,?,?
?,ivn,camera-static,city,ИВН-МУН-КР_МУЗЕЙ-С1,,Стационарная камера,54.17794982540740,45.179459210110700,?,?
?,ivn,camera-static,city,ИВН-МУН-КР_МУЗЕЙ-С2,,Стационарная камера,54.17798129418840,45.180110986901300,?,?
?,ivn,camera-static,city,ИВН-МУН-ТПП-С1,,Стационарная камера,54.17736607506040,45.18752461261850,?,?
?,ivn,camera-dynamic,city,ИВН-МУН-ЛЕД_ДВОРЕЦ-П1,,Поворотная камера,54.177259079494500,45.19020682163330,?,?
?,ivn,camera-static,city,ИВН-МУН-А_СЛАВЫ-С3,,Стационарная камера,54.17956492976930,45.1900968510639,?,?
?,ivn,camera-static,city,ИВН-МУН-ЭКОПАРК-С3,,Стационарная камера,54.18523955047610,45.20430566583860,?,?
?,ivn,camera-static,city,ИВН-МУН-ЭКОПАРК-С5,,Стационарная камера,54.18578897338380,45.204414965856000,?,?
?,ivn,camera-static,city,ИВН-МУН-ЭКОПАРК-С7,,Стационарная камера,54.186661663677400,45.20520822917210,?,?
?,ivn,camera-static,city,ИВН-МУН-ЭКОПАРК-С11,,Стационарная камера,54.18793861339300,45.20559647892720,?,?
?,ivn,camera-static,city,ИВН-МУН-ЭКОПАРК-С14,,Стационарная камера,54.188182436671600,45.20470129166850,?,?
?,ivn,camera-static,city,ИВН-МУН-ЭКОПАРК-С16,,Стационарная камера,54.1871945502314,45.20378598784220,?,?
?,ivn,camera-static,city,ИВН-МУН-ЭКОПАРК-С18,,Стационарная камера,54.185562440444400,45.2034802160142,?,?
?,ivn,camera-static,city,ИВН-МУН-ЭКОПАРК-С19,,Стационарная камера,54.185556934423000,45.20347820435740,?,?
?,ivn,camera-static,city,ИВН-МУН-ПРА-С21,,Стационарная камера,54.17961983535520,45.2185227147231,?,?
?,ivn,camera-static,city,ИВН-МУН-ПРА-С13,,Стационарная камера,54.1798684279272,45.216336714375600,?,?
?,ivn,camera-static,city,ИВН-МУН-ПРА-С14,,Стационарная камера,54.179893995125200,45.21634945486850,?,?
?,ivn,camera-static,city,ИВН-МУН-ПРА-С10,,Стационарная камера,54.180780577059500,45.21602893089140,?,?
?,ivn,camera-static,city,ИВН-МУН-ПРА-С7,,Стационарная камера,54.18027081453180,45.21384293054440,?,?
?,ivn,camera-static,city,ИВН-МУН-ПРА-С5,,Стационарная камера,54.18121206110430,45.21315829669340,?,?
?,ivn,camera-static,city,ИВН-МУН-ДПАРК-С8,,Стационарная камера,54.176877512385400,45.17250625379260,?,?
?,ivn,camera-static,city,ИВН-МУН-ДПАРК-С5,,Стационарная камера,54.176517577079100,45.1738594282405,?,?
?,ivn,camera-static,city,ИВН-МУН-ДПАРК-С11,,Стационарная камера,54.17528236531160,45.17106523699940,?,?
?,ivn,camera-static,city,ИВН-МУН-ДПАРК-С3,,Стационарная камера,54.17478174513630,45.17118057198700,?,?
?,ivn,camera-static,city,ИВН-МУН-ДПАРК-С2,,Стационарная камера,54.17467592298340,45.1708083004155,?,?
?,ivn,camera-dynamic,-,ИВН-ПЛАН-БР_РАСК-П1,,Поворотная камера,54.16890369297290,45.139798611439100,?,?
?,ivn,camera-static,-,ИВН-ПЛАН-БР_РАСК-С1,,Стационарная камера,54.16889897158380,45.13968327645130,?,?
?,ivn,camera-static,-,ИВН-ПЛАН-БР_РАСК-С2,,Стационарная камера,54.168985529021800,45.13977983597500,?,?
?,ivn,camera-static,-,ИВН-ПЛАН-БР_РАСК-С3,,Стационарная камера,54.16863614882260,45.140756160058000,?,?
?,ivn,camera-static,-,ИВН-ПЛАН-БР_РАСК-С4,,Стационарная камера,54.168717986075300,45.14074811343070,?,?
?,ivn,camera-static,-,ИВН-ПЛАН-БР_РАСК-С5,,Стационарная камера,54.16874080603470,45.140867471732000,?,?
?,ivn,camera-dynamic,-,ИВН-ПЛАН-БР_ЭРЬЗИ-П1,,Поворотная камера,54.2001916294253,45.24880425635830,?,?
?,ivn,camera-dynamic,-,ИВН-ПЛАН-БР_ЭРЬЗИ-П2,,Поворотная камера,54.19696769432990,45.24914489690320,?,?
?,ivn,camera-static,-,ИВН-ПЛАН-БР_ЭРЬЗИ-С1,,Стационарная камера,54.19809374071500,45.249042972960000,?,?
?,ivn,camera-static,-,ИВН-ПЛАН-БР_ЭРЬЗИ-С2,,Стационарная камера,54.198130305110300,45.24904297296050,?,?
?,ivn,camera-static,-,ИВН-ПЛАН-БР_ЭРЬЗИ-С3,,Стационарная камера,54.19896184560320,45.248886734285600,?,?
?,ivn,camera-static,-,ИВН-ПЛАН-БР_ЭРЬЗИ-С4,,Стационарная камера,54.19912068175160,45.24887935821060,?,?
?,ivn,camera-static,-,ИВН-ПЛАН-КОСАРЕВА-С1,,Стационарная камера,54.19513793691960,45.2404779398099,?,?
?,ivn,camera-static,-,ИВН-ПЛАН-КОСАРЕВА-С2,,Стационарная камера,54.19528263341760,45.24051012631970,?,?
?,ivn,camera-static,-,ИВН-ПЛАН-КОСАРЕВА-С3,,Стационарная камера,54.19559089650080,45.24106802579470,?,?
?,ivn,camera-static,-,ИВН-ПЛАН-КОСАРЕВА-С4,,Стационарная камера,54.195581459862100,45.24126114484360,?,?
?,ivn,camera-dynamic,-,ИВН-ПЛАН-КТ_РОССИЯ-П1,,Поворотная камера,54.17345483144900,45.14497929036970,?,?
?,ivn,camera-static,-,ИВН-ПЛАН-КТ_РОССИЯ-С1,,Стационарная камера,54.17362635492950,45.14463596761620,?,?
?,ivn,camera-static,-,ИВН-ПЛАН-КТ_РОССИЯ-С2,,Стационарная камера,54.173434374656700,45.145177773837300,?,?
?,ivn,camera-static,-,ИВН-ПЛАН-КТ_РОССИЯ-С3,,Стационарная камера,54.172919798308800,45.145323962010500,?,?
?,ivn,camera-static,-,ИВН-ПЛАН-ЛИЦЕЙ_26-С1,,Стационарная камера,54.17341728850340,45.13281021691880,?,?
?,ivn,camera-static,-,ИВН-ПЛАН-ЛИЦЕЙ_26-С2,,Стационарная камера,54.17364703499980,45.13276730157370,?,?
?,ivn,camera-static,-,ИВН-ПЛАН-ЛИЦЕЙ_26-С3,,Стационарная камера,54.173709979540800,45.13312135316430,?,?
?,ivn,camera-static,-,ИВН-ПЛАН-ЛП_ЛЕН-С1,,Стационарная камера,54.19281042264710,45.144964546002800,?,?
?,ivn,camera-static,-,ИВН-ПЛАН-ЛП_ЛЕН-С2,,Стационарная камера,54.19262167759280,45.14483579997010,?,?
?,ivn,camera-static,-,ИВН-ПЛАН-ЛП_ЛЕН-С3,,Стационарная камера,54.19127527110910,45.145243495740400,?,?
?,ivn,camera-static,-,ИВН-ПЛАН-ЛП_ЛЕН-С4,,Стационарная камера,54.19119977037600,45.14500209692900,?,?
?,ivn,camera-static,-,ИВН-ПЛАН-ЛП_ПРОЛ-С1,,Стационарная камера,54.215739648726500,45.12724050883310,?,?
?,ivn,camera-static,-,ИВН-ПЛАН-ЛП_ПРОЛ-С2,,Стационарная камера,54.215664192890000,45.127755492963900,?,?
?,ivn,camera-static,-,ИВН-ПЛАН-ЛП_ПРОЛ-С3,,Стационарная камера,54.2146203725842,45.13364025954200,?,?
?,ivn,camera-static,-,ИВН-ПЛАН-ЛП_ПРОЛ-С4,,Стационарная камера,54.21437513420950,45.13383874300960,?,?
?,ivn,camera-static,-,ИВН-ПЛАН-ЛП_ПРОЛ-С5,,Стационарная камера,54.214535482671800,45.134196810129900,?,?
?,ivn,camera-static,-,ИВН-ПЛАН-ЛП_ПРОЛ-С6,,Стационарная камера,54.21919160387820,45.136229924560600,?,?
?,ivn,camera-static,-,ИВН-ПЛАН-ЛП_ПРОЛ-С7,,Стационарная камера,54.21950283217040,45.13633319739270,?,?
?,ivn,camera-dynamic,-,ИВН-ПЛАН-ПАРК_ПОБЕДЫ-П1,,Поворотная камера,54.18792609602710,45.23321458701110,?,?
?,ivn,camera-dynamic,-,ИВН-ПЛАН-ПАРК_ПОБЕДЫ-П2,,Поворотная камера,54.18988830436640,45.23242869977000,?,?
?,ivn,camera-static,-,ИВН-ПЛАН-ПАРК_ПОБЕДЫ-С1,,Стационарная камера,54.18795283831550,45.23197004202870,?,?
?,ivn,camera-static,-,ИВН-ПЛАН-ПАРК_ПОБЕДЫ-С2,,Стационарная камера,54.18806360311320,45.231852024832000,?,?
?,ivn,camera-static,-,ИВН-ПЛАН-ПАРК_ПОБЕДЫ-С3,,Стационарная камера,54.188728347880300,45.23177424077010,?,?
?,ivn,camera-static,-,ИВН-ПЛАН-ПАРК_ПОБЕДЫ-С4,,Стационарная камера,54.18880070743680,45.23188152913110,?,?
?,ivn,camera-static,-,ИВН-ПЛАН-ПАРК_ПОБЕДЫ-С5,,Стационарная камера,54.188868998504400,45.231766194143500,?,?
?,ivn,camera-static,-,ИВН-ПЛАН-ПАРК_ПОБЕДЫ-С6,,Стационарная камера,54.18869531465700,45.233616918363600,?,?
?,ivn,camera-static,-,ИВН-ПЛАН-ПАРК_ПОБЕДЫ-С7,,Стационарная камера,54.18874944830770,45.23370543126070,?,?
?,ivn,camera-static,-,ИВН-ПЛАН-ПАРК_ПОБЕДЫ-С8,,Стационарная камера,54.18961552648340,45.23378321532260,?,?
?,ivn,camera-static,-,ИВН-ПЛАН-ПАРК_ПОБЕДЫ-С9,,Стационарная камера,54.18972471377570,45.23364374045380,?,?
?,ivn,camera-dynamic,-,ИВН-ПЛАН-ПЛ_ГОЖ-П1,,Поворотная камера,54.19538551468040,45.23098835352950,?,?
?,ivn,camera-static,-,ИВН-ПЛАН-ПЛ_ГОЖ-С1,,Стационарная камера,54.194676187925900,45.23005494479250,?,?
?,ivn,camera-static,-,ИВН-ПЛАН-ПЛ_ГОЖ-С2,,Стационарная камера,54.194750109332500,45.230301708021700,?,?
?,ivn,camera-static,-,ИВН-ПЛАН-ПЛ_ГОЖ-С3,,Стационарная камера,54.19456451879000,45.23029366139470,?,?
?,ivn,camera-static,-,ИВН-ПЛАН-ПЛ_ГОЖ-С4,,Стационарная камера,54.195409106270100,45.23120561245970,?,?
?,ivn,camera-static,-,ИВН-ПЛАН-ПЛ_ГОЖ-С5,,Стационарная камера,54.195484599441200,45.23102054003790,?,?
?,ivn,camera-dynamic,-,ИВН-ПЛАН-ПЛ_КОВ-П1,,Поворотная камера,54.21345192571730,45.11602976270850,?,?
?,ivn,camera-dynamic,-,ИВН-ПЛАН-ПЛ_КОВ-П2,,Поворотная камера,54.21247093433550,45.11755862184630,?,?
?,ivn,camera-dynamic,-,ИВН-ПЛАН-ПЛ_КОВ-П3,,Поворотная камера,54.21193641030660,45.11651256033090,?,?
?,ivn,camera-static,-,ИВН-ПЛАН-ПЛ_КОВ-С1,,Стационарная камера,54.21305497324260,45.11602351073320,?,?
?,ivn,camera-static,-,ИВН-ПЛАН-ПЛ_КОВ-С2,,Стационарная камера,54.211961564650000,45.11600875858350,?,?
?,ivn,camera-static,-,ИВН-ПЛАН-ПЛ_КОВ-С3,,Стационарная камера,54.211914400454800,45.116110228979000,?,?
?,ivn,camera-static,-,ИВН-ПЛАН-ПЛ_КОВ-С4,,Стационарная камера,54.21181535541790,45.11772089549240,?,?
?,ivn,camera-static,-,ИВН-ПЛАН-ПЛ_КОВ-С5,,Стационарная камера,54.21187745501720,45.11782327298210,?,?
?,ivn,camera-static,-,ИВН-ПЛАН-ПЛ_КОВ-С6,,Стационарная камера,54.21323104760820,45.117922514715500,?,?
?,ivn,camera-static,-,ИВН-ПЛАН-ПЛ_КОВ-С7,,Стационарная камера,54.21324755475260,45.117741012060000,?,?
?,ivn,camera-static,-,ИВН-ПЛАН-РИНГ-С1,,Стационарная камера,54.22603335544350,45.13465233989840,?,?
?,ivn,camera-static,-,ИВН-ПЛАН-РИНГ-С2,,Стационарная камера,54.225929629797000,45.134738170586900,?,?
?,ivn,camera-static,-,ИВН-ПЛАН-РИНГ-С3,,Стационарная камера,54.22600506657780,45.13487764545540,?,?
?,ivn,camera-dynamic,-,ИВН-ПЛАН-ХРАМ_ЮЗ-П1,,Поворотная камера,54.16731096495080,45.138737528879100,?,?
?,ivn,camera-static,-,ИВН-ПЛАН-ХРАМ_ЮЗ-С1,,Стационарная камера,54.16780357567570,45.1389360123457,?,?
?,ivn,camera-static,-,ИВН-ПЛАН-ХРАМ_ЮЗ-С2,,Стационарная камера,54.16787442469130,45.139069050587700,?,?
?,ivn,camera-static,-,ИВН-ПЛАН-ХРАМ_ЮЗ-С3,,Стационарная камера,54.16776425679570,45.13938823346050,?,?
?,ivn,camera-static,-,ИВН-ПЛАН-ХРАМ_ЮЗ-С4,,Стационарная камера,54.167646192640400,45.139351754742900,?,?