node_id,inn,name,type,address,latitude,longitude,is_contracted,is_built,plan_2022,node_distance,cost
УС01,1300050357,АДМИНИСТРАЦИЯ ГЛАВЫ РМ,ОГВ,САРАНСК Ул. СОВЕТСКАЯ 35,54.181600,45.186373,да,да,,0,0
УС01,1326134160,"ГАОУДПО РМ ""МРЦПКСЗ""",ПВ ОГВ,САРАНСК Ул. КОММУНИСТИЧЕСКАЯ 66,54.184456,45.167831,нет,нет,,390,97500
УС01,1326200279,"ГАУ ""ГОСЭКСПЕРТИЗА РМ""",ПВ ОГВ,САРАНСК Ул. СОВЕТСКАЯ 109,54.182591,45.166807,да,да,,0,0
УС01,1326222642,"ГАУ ""ФОЛЬКЛОРНЫЙ АНСАМБЛЬ ""ТОРАМА""",ПВ ОГВ,САРАНСК Ул. СОВЕТСКАЯ 27,54.18072,45.191592,нет,нет,,280,70000
УС01,1326201272,"ГАУ РМ ""ЛЕДОВЫЙ ДВОРЕЦ""",ПВ ОГВ,САРАНСК Ул. КРАСНАЯ 40,54.177590,45.190792,да,нет,,980,245000
УС01,1326045792,"ГАУЗ РМ ""РВФД""",ПВ ОГВ,САРАНСК Ул. БОТЕВГРАДСКАЯ 25,54.183276,45.172368,нет,да,,0,0
УС01,1326136016,"ГБПОУ РМ ""САРАНСКИЙ МЕДИЦИНСКИЙ КОЛЛЕДЖ""",ПВ ОГВ,Ул. СТЕПАНА РАЗИНА 21,54.187954,45.166628,нет,нет,,100,25000
УС01,1326186465,"ГБУ РМ ""КОМПЛЕКСНАЯ СПОРТИВНАЯ ШКОЛА ОЛИМПИЙСКОГО РЕЗЕРВА""",ПВ ОГВ,Ул. ТЕРЕШКОВОЙ 24А,54.191942,45.168981,да,нет,,550,137500
УС01,1327007790,"ГБУ РМ ""КОМПЛЕКСНЫЙ ЦЕНТР СОЦИАЛЬНОГО ОБСЛУЖИВАНИЯ ПО ГОРОДСКОМУ ОКРУГУ САРАНСК""",ПВ ОГВ,Ул. СОВЕТСКАЯ 65,54.181674,45.175566,да,да,,0,0
УС01,1326199753,"ГБУ РМ ""СПОРТИВНАЯ ШКОЛА ОЛИМПИЙСКОГО РЕЗЕРВА ПО ХОККЕЮ""",ПВ ОГВ,Ул. КРАСНАЯ 40,54.177590,45.190792,да,нет,,980,245000
УС01,1326141263,"ГБУ РМ ""СПОРТИВНАЯ ШКОЛА ОЛИМПИЙСКОГО РЕЗЕРВА СПОРТИВНОЙ БОРЬБЫ И ДЗЮДО А.В. МИШИНА""",ПВ ОГВ,Ул. ПРОЛЕТАРСКАЯ 39,54.185673,45.178099,да,нет,,400,100000
УС01,1326136947,"ГБУЗ РМ ""ДЕТСКАЯ ПОЛИКЛИНИКА №1""",ПВ ОГВ,Ул. СТЕПАНА РАЗИНА 19,54.187369,45.166664,нет,нет,,360,90000
УС01,1326045383,"ГБУЗ РМ ""РЕСПУБЛИКАНСКАЯ КЛИНИЧЕСКАЯ БОЛЬНИЦА ИМЕНИ С.В. КАТКОВА""",ПВ ОГВ,Ул. БОТЕВГРАДСКАЯ 21,54.182612,45.172152,нет,да,,0,0
УС01,1326045383,"ГБУЗ РМ ""РЕСПУБЛИКАНСКАЯ КЛИНИЧЕСКАЯ БОЛЬНИЦА ИМЕНИ С.В. КАТКОВА""",ПВ ОГВ,Ул. КОММУНИСТИЧЕСКАЯ 64,54.184282,45.170185,нет,да,,0,0
УС01,1326045383,"ГБУЗ РМ ""РЕСПУБЛИКАНСКАЯ КЛИНИЧЕСКАЯ БОЛЬНИЦА ИМЕНИ С.В. КАТКОВА""",ПВ ОГВ,Ул. СОВЕТСКАЯ 79,54.181932,45.17226,нет,да,,0,0
УС01,1326134121,"ГБУЗ РМ ""СТАНЦИЯ СКОРОЙ МЕДИЦИНСКОЙ ПОМОЩИ""",ПВ ОГВ,Ул. КОММУНИСТИЧЕСКАЯ 86,54.18396084073580,45.16497665872080,нет,да,,0,0
УС01,1326022788,"ГБУК ""ГОСУДАРСТВЕННЫЙ РУССКИЙ ДРАМАТИЧЕСКИЙ ТЕАТР РМ""",ПВ ОГВ,Ул. СОВЕТСКАЯ 60,54.181115,45.175054,нет,нет,да,220,55000
УС01,1325046232,"ГБУК ""МОРДОВСКАЯ ГОСУДАРСТВЕННАЯ ФИЛАРМОНИЯ - РЕСПУБЛИКАНСКИЙ ДВОРЕЦ КУЛЬТУРЫ""",ПВ ОГВ,Ул. ПРОЛЕТАРСКАЯ 39,54.185673,45.178099,нет,нет,,330,82500
УС01,1326002012,"ГБУК ""МОРДОВСКИЙ ГОСУДАРСТВЕННЫЙ АНСАМБЛЬ ПЕСНИ И ТАНЦА ""УМАРИНА""",ПВ ОГВ,Ул. ПРОЛЕТАРСКАЯ 39,,,нет,нет,,400,100000
УС01,1326000463,"ГБУК ""МОРДОВСКИЙ ГОСУДАРСТВЕННЫЙ НАЦИОНАЛЬНЫЙ ДРАМАТИЧЕСКИЙ ТЕАТР""",ПВ ОГВ,Ул. СОВЕТСКАЯ 27,,,нет,нет,,700,175000
УС01,1326047246,"ГБУК ""МОРДОВСКИЙ РЕСПУБЛИКАНСКИЙ МУЗЕЙ  ИЗОБРАЗИТЕЛЬНЫХ ИСКУССТВ ИМЕНИ С.Д.ЭРЬЗИ""",ПВ ОГВ,Ул. КОММУНИСТИЧЕСКАЯ 61,54.185199,45.179833,нет,нет,да,100,25000
УС01,1326140397,"ГБУК ""МОРДОВСКИЙ РЕСПУБЛИКАНСКИЙ ОБЪЕДИНЕННЫЙ КРАЕВЕДЧЕСКИЙ МУЗЕЙ ИМЕНИ И.Д.ВОРОНИНА""",ПВ ОГВ,Ул. САРАНСКАЯ 2,54.177748,45.179689,да,да,,0,0
УС01,1326186480,"ГБУК ""РЕСПУБЛИКАНСКИЙ ДОМ НАРОДНОГО ТВОРЧЕСТВА""",ПВ ОГВ,Ул. ПРОЛЕТАРСКАЯ 39,,,нет,нет,,400,100000
УС01,1326193913,"ГКАУ ""ГАДЛС РМ""",ПВ ОГВ,Ул. САРАНСКАЯ 2,54.177748,45.179689,да,да,да,0,0
УС01,1326209761,"ГКУ ""СОЦЗАЩИТА НАСЕЛЕНИЯ ПО Г.О. САРАНСК""",ПВ ОГВ,Ул. ПРОЛЕТАРСКАЯ 21,54.180999,45.177174,да,да,,0,0
УС01,1326233531,"ГКУ РМ ""УПРАВЛЕНИЕ ПО ОБЕСПЕЧЕНИЮ ДЕЯТЕЛЬНОСТИ ЖКК РМ""",ПВ ОГВ,Пр. ЛЕНИНА 2,54.182396,45.186274,да,да,,0,0
УС01,1326252534,"ГКУ РМ ""ЦБ УЧРЕЖДЕНИЙ МИНСПОРТА РМ""",ПВ ОГВ,Ул. КРАСНАЯ 22,,,нет,нет,,900,225000
УС01,1326137041,ГКУ РМ “НИИ ГУМАНИТАРНЫХ НАУК ПРИ ПРАВИТЕЛЬСТВЕ РМ”,ПВ ОГВ,Ул. Л.ТОЛСТОГО 3,54.182522,45.185313,нет,нет,,100,25000
УС01,1326137281,"ГКУЗ РМ ""РБ СМЭ""",ПВ ОГВ,Ул. БОЛЬШЕВИСТСКАЯ 120,54.197631,45.182905,нет,нет,да,100,25000
УС01,1326134450,ГОСУКС РМ,ПВ ОГВ,Ул. СТЕПАНА РАЗИНА 17,54.1867832347858,45.16631650793420,да,да,,0,0
УС01,1326206383,"ГУП РМ ""КОМБИНАТ ПИТАНИЯ ""МОРДОВИЯ""",ПВ ОГВ,Ул. СОВЕТСКАЯ 35,54.181600,45.186373,да,да,,0,0
УС01,1328166746,"ГУП РМ ""ЛУХОВСКОЕ""",ПВ ОГВ,Ул. КРУПСКОЙ 127,,,нет,нет,,5000,1250000
УС01,1326183993,"КУ ""ГОРОДСКОЕ ЖИЛИЩНОЕ АГЕНТСТВО""",ПВ ОМСУ,Ул. ПОЛЕЖАЕВА 161,,,нет,нет,,400,100000
УС01,1326196801,"КУ Г.О. САРАНСК ""ГОРОДСКАЯ НЕДВИЖИМОСТЬ""",ПВ ОМСУ,Ул. СОВЕТСКАЯ 75А,54.182448,45.17509,нет,нет,да,130,32500
УС01,1326254620,"МАДОУ ""ЦЕНТР РАЗВИТИЯ РЕБЕНКА - ДЕТСКИЙ САД № 10""",ПВ ОМСУ,Ул. Б.ХМЕЛЬНИЦКОГО 96,54.17840848975270,45.12309492565910,нет,нет,,240,60000
УС01,1326183136,"МАДОУ ""ЦЕНТР РАЗВИТИЯ РЕБЕНКА - ДЕТСКИЙ САД № 73""",ПВ ОМСУ,Ул. ФЕДОСЕЕНКО 12,54.193259,45.180947,нет,нет,,160,40000
УС01,1326235232,"МАДОУ ""ЦЕНТР РАЗВИТИЯ РЕБЕНКА-ДЕТСКИЙ САД № 2""",ПВ ОМСУ,Ул. МОРДОВСКАЯ 1,54.17437,45.18269,нет,нет,,215,53750
УС01,1326036501,"МАОУ ""ПРОГИМНАЗИЯ № 119""",ПВ ОМСУ,Ул. Б.ХМЕЛЬНИЦКОГО 37,54.187469,45.189661,нет,нет,,120,30000
УС01,1326211136,"МАУК ""ГОРОДСКИЕ ПАРКИ""",ПВ ОМСУ,Ул. КРАСНОАРМЕЙСКАЯ 12,54.175271,45.181639,нет,нет,,210,52500
УС01,1326251107,"МБУ Г.О. САРАНСК ""УЮТ""",ПВ ОМСУ,Пр. ЛЕНИНА 42б,54.196172,45.186732,нет,нет,,240,60000
УС01,1326141231,"МБУДО ""ДХШ № 1 ИМ. П.Ф. РЯБОВА""",ПВ ОМСУ,Ул. МОСКОВСКАЯ 5,54.179197,45.185546,нет,нет,,100,25000
УС01,1326028941,"МБУК ""ГОРОДСКОЙ ДЕТСКИЙ ЦЕНТР ТЕАТРА И КИНО ""КРОШКА""",ПВ ОМСУ,Ул. ПОЛЕЖАЕВА 159Г,54.19033,45.166852,нет,нет,,100,25000
УС01,1326209433,"МБУК ""ДВОРЕЦ КУЛЬТУРЫ Г. О. САРАНСК""",ПВ ОМСУ,Ул. ТИТОВА 23,54.186005,45.162379,нет,нет,,330,82500
УС01,1326143567,"МБУК ""ЦГБС ДЛЯ ДЕТЕЙ""",ПВ ОМСУ,Ул. ПОЛЕЖАЕВА 70,54.189608,45.164598,нет,нет,,100,25000
УС01,1326135510,"МДОУ ""ДЕТСКИЙ САД №1""",ПВ ОМСУ,Ул. РАБОЧАЯ 7,54.181547,45.193694,нет,нет,,250,62500
УС01,1326141986,"МДОУ ""ДЕТСКИЙ САД №32""",ПВ ОМСУ,Ул. ФЕДОСЕЕНКО 10,54.193238,45.182258,нет,нет,,100,25000
УС01,1326135164,"МДОУ ""ДЕТСКИЙ САД №40""",ПВ ОМСУ,Ул. СТЕПАНА РАЗИНА 40А,54.188971,45.168658,нет,нет,,130,32500
УС01,1328160582,"МДОУ ""ДЕТСКИЙ САД №83 КОМБИНИРОВАННОГО ВИДА""",ПВ ОМСУ,Ул. РАБОЧАЯ 31,54.16587943582290,45.21860166731980,нет,нет,,120,30000
УС01,1326135735,"МОУ ""ГИМНАЗИЯ № 19""",ПВ ОМСУ,Ул. КОММУНИСТИЧЕСКАЯ 103,54.185457,45.164032,да,да,,0,0
УС01,1326137612,"МОУ ""ГИМНАЗИЯ № 20 ИМЕНИ ГЕРОЯ СОВЕТСКОГО СОЮЗА В.Б. МИРОНОВА""",ПВ ОМСУ,Ул. СОВЕТСКАЯ 77,54.181974,45.173608,нет,да,,0,0
УС01,1328048044,"МОУ ""СРЕДНЯЯ ШКОЛА № 6""",ПВ ОМСУ,Ул. РАБОЧАЯ 33А,,,нет,нет,,1400,350000
УС01,1326186232,"МП ГОРОДСКОГО ОКРУГА САРАНСК ""ГОРОДСКОЙ ЗООПАРК""",ПВ ОМСУ,Ул. Первомайская 6,54.17373854711460,45.18476901206570,нет,нет,,290,72500
УС01,1326201635,"МП ГОРОДСКОГО ОКРУГА САРАНСК ""ДЕТСКАЯ ПИЩЕВАЯ СТАНЦИЯ""",ПВ ОМСУ,Ул. ПОЛЕЖАЕВА 159Б,54.191468,45.166709,нет,нет,,100,25000
УС01,1325039482,"МП ГОРОДСКОГО ОКРУГА САРАНСК ""РАДУГА - РИТУАЛЬНЫЕ УСЛУГИ""",ПВ ОМСУ,Ул. СТРОИТЕЛЬНАЯ 2,54.204267,45.177866,нет,нет,да,390,97500
УС01,1325128809,"МУ ""АВТОБАЗА АДМИНИСТРАЦИИ ГОРОДСКОГО ОКРУГА САРАНСК""",ПВ ОМСУ,Ул. КРУПСКОЙ 25,54.182211,45.195482,нет,нет,,350,87500
УС01,1326198767,СЧЕТНАЯ ПАЛАТА РМ,ОГВ,Ул. СОВЕТСКАЯ 35,54.181600,45.186373,да,да,,0,0
УС01,1326196375,Территориальный Орган Росздравнадзора по Республике Мордовия,Прочее,Ул. ВАСЕНКО 11,54.195171,45.169143,нет,да,,0,0
УС01,1326192268,Управление Росреестра по Республике Мордовия,Прочее,Ул. СТЕПАНА РАЗИНА 17,54.1867832347858,45.16631650793420,нет,да,,0,0
УС02,1300050357,АДМИНИСТРАЦИЯ ГЛАВЫ РМ (Сенатор),ОГВ,Ул. СОВЕТСКАЯ 26,54.18024,45.188816,да,да,,0,0
УС02,1326221529,АППАРАТ ГОСУДАРСТВЕННОГО СОБРАНИЯ РМ,ОГВ,Ул. СОВЕТСКАЯ 26,54.18024,45.188816,да,да,,0,0
УС02,1325031067,"ГБУ РМ ""ФОНД ИМУЩЕСТВА""",ПВ ОГВ,Ул. СОВЕТСКАЯ 26,54.18024,45.188816,да,да,,0,0
УС02,1328160293,"ГБУЗ РМ ""РОДИЛЬНЫЙ ДОМ""",ПВ ОГВ,Ул. ВОЛОДАРСКОГО 2,54.1814,45.189265,нет,нет,,250,62500
УС02,1326250209,"ГКУ РМ ""РЕГИОНАЛЬНЫЙ ЦЕНТР ОРГАНИЗАЦИИ ЗАКУПОК""",ПВ ОГВ,Ул. СОВЕТСКАЯ 26,54.18024,45.188816,да,да,,0,0
УС02,1325031476,ГОСКОМИМУЩЕСТВО РМ,ОГВ,Ул. СОВЕТСКАЯ 26,54.18024,45.188816,да,да,,0,0
УС02,1326135968,МИНЭКОНОМИКИ РМ,ОГВ,Ул. СОВЕТСКАЯ 26,54.18024,45.188816,да,да,,0,0
УС02,1325126350,ЦЕНТРАЛЬНАЯ ИЗБИРАТЕЛЬНАЯ КОМИССИЯ РМ,ОГВ,Ул. СОВЕТСКАЯ 26,54.18024,45.188816,нет,да,,0,0
УС03,1325126174,АДМИНИСТРАЦИЯ ГОРОДСКОГО ОКРУГА САРАНСК,ОМСУ,Ул. СОВЕТСКАЯ 30,54.180599,45.185420,да,да,да,0,0
УС03,1326196304,АДМИНИСТРАЦИЯ ЛЕНИНСКОГО РАЙОНА ГОРОДСКОГО ОКРУГА САРАНСК,ОМСУ,Ул. ПРОЛЕТАРСКАЯ 21,54.180999,45.177174,да,да,да,0,0
УС03,1328904859,АДМИНИСТРАЦИЯ ОКТЯБРЬСКОГО РАЙОНА ГОРОДСКОГО ОКРУГА САРАНСК,ОМСУ,Ул. ГОЖУВСКАЯ 40,54.197083,45.228962,да,да,да,0,0
УС03,1327001318,АДМИНИСТРАЦИЯ ПРОЛЕТАРСКОГО РАЙОНА ГОРОДСКОГО ОКРУГА САРАНСК,ОМСУ,Ул. КОВАЛЕНКО 20А,54.213187,45.118757,да,да,да,0,0
УС03,1328016109,"АО ""Тепличное"" ",ПВ ОГВ,П Озерный,,,нет,нет,,5000,1250000
УС03,1326226990,"АУ ""АИР РМ""",ПВ ОГВ,Ул. Б.ХМЕЛЬНИЦКОГО 39А,54.187022,45.179986,нет,нет,да,390,97500
УС03,1326024954,"ГАУЗ РМ ""МИАЦ""",ПВ ОГВ,Ул. ГОЖУВСКАЯ 27А,54.194671,45.242733,да,нет,да,390,97500
УС03,1326251749,"ГАУЗ РМ ""МОРДОВСКАЯ РЕСПУБЛИКАНСКАЯ СТОМАТОЛОГИЧЕСКАЯ ПОЛИКЛИНИКА""",ПВ ОГВ,Ул. ГОЖУВСКАЯ 28,54.196794,45.229788,нет,нет,,200,50000
УС03,1326251749,"ГАУЗ РМ ""МОРДОВСКАЯ РЕСПУБЛИКАНСКАЯ СТОМАТОЛОГИЧЕСКАЯ ПОЛИКЛИНИКА""",ПВ ОГВ,Ул. ПРОЛЕТАРСКАЯ 94,54.189277,45.176886,нет,да,,0,0
УС03,1326251749,"ГАУЗ РМ ""МОРДОВСКАЯ РЕСПУБЛИКАНСКАЯ СТОМАТОЛОГИЧЕСКАЯ ПОЛИКЛИНИКА""",ПВ ОГВ,Ул. ПРОЛЕТАРСКАЯ 94А,54.188302,45.176303,нет,да,,0,0
УС03,1326251749,"ГАУЗ РМ ""МОРДОВСКАЯ РЕСПУБЛИКАНСКАЯ СТОМАТОЛОГИЧЕСКАЯ ПОЛИКЛИНИКА""",ПВ ОГВ,Ул. СЕРАДЗСКАЯ 22,,,нет,нет,,850,212500
УС03,1326045792,"ГАУЗ РМ ""РВФД""",ПВ ОГВ,Пр. ЖУКОВСКОГО 10,54.19151,45.185609,да,нет,,200,50000
УС03,1326045792,"ГАУЗ РМ ""РВФД""",ПВ ОГВ,Ул. ПРОЛЕТАРСКАЯ 92А,54.188718,45.176806,да,да,,0,0
УС03,1326049170,"ГБПОУ РМ ""САРАНСКИЙ ГОСУДАРСТВЕННЫЙ ПРОМЫШЛЕННО-ЭКОНОМИЧЕСКИЙ КОЛЛЕДЖ""",ПВ ОГВ,Пр. ЛЕНИНА 24,54.190177,45.187469,нет,нет,да,100,25000
УС03,1326136908,"ГБПОУ РМ ""САРАНСКИЙ ПОЛИТЕХНИЧЕСКИЙ ТЕХНИКУМ""",ПВ ОГВ,Ул. ВОЛОДАРСКОГО 20,54.182322,45.189292,нет,нет,да,300,75000
УС03,1326024626,"ГБПОУ РМ ""САРАНСКИЙ ТЕХНИКУМ ЭНЕРГЕТИКИ И ЭЛЕКТРОННОЙ ТЕХНИКИ ИМ. А.И. ПОЛЕЖАЕВА""",ПВ ОГВ,Пр. ЛЕНИНА 10,54.185399,45.186894,нет,нет,,100,25000
УС03,1328909991,"ГБУ РМ ""СПОРТИВНАЯ ШКОЛА ОЛИМПИЙСКОГО РЕЗЕРВА ПО БАСКЕТБОЛУ И ВОЛЕЙБОЛУ""",ПВ ОГВ,Пр. 70 ЛЕТ ОКТЯБРЯ 102А,54.195398,45.229519,да,нет,,230,57500
УС03,1325031067,"ГБУ РМ ""ФОНД ИМУЩЕСТВА""",ПВ ОГВ,Ул. БОЛЬШЕВИСТСКАЯ 81А,54.190662,45.184091,нет,да,,0,0
УС03,1325031067,"ГБУ РМ ""ФОНД ИМУЩЕСТВА""",ПВ ОГВ,Ул. МОСКОВСКАЯ 14,54.177427,45.18648,нет,да,,0,0
УС03,1326960625,МКК Фонд Поддержки Предпринимательства РМ,Прочее,Ул. МОСКОВСКАЯ 14,54.177427,45.18648,да,да,,0,0
УС03,1326136947,"ГБУЗ РМ ""ДЕТСКАЯ ПОЛИКЛИНИКА №1""",ПВ ОГВ,Ул. БОТЕВГРАДСКАЯ 86,,,нет,нет,,400,100000
УС03,1326045802,"ГБУЗ РМ ""ДЕТСКАЯ ПОЛИКЛИНИКА №2""",ПВ ОГВ,Ул. ПОПОВА 73,54.173158,45.127282,нет,нет,,200,50000
УС03,1326165144,"ГБУЗ РМ ""ДЕТСКАЯ ПОЛИКЛИНИКА №4""",ПВ ОГВ,Ул. Волгоградская 92,54.186237,45.226914,нет,нет,да,300,75000
УС03,1326165144,"ГБУЗ РМ ""ДЕТСКАЯ ПОЛИКЛИНИКА №4""",ПВ ОГВ,Ул. ГОЖУВСКАЯ 27А,54.194671,45.242733,нет,да,да,0,0
УС03,1326220483,"ГБУЗ РМ ""ДЕТСКАЯ РЕСПУБЛИКАНСКАЯ КЛИНИЧЕСКАЯ БОЛЬНИЦА""",ПВ ОГВ,Ул. ПОЛЕЖАЕВА 113,54.190214,45.17535,нет,нет,,300,75000
УС03,1326137066,"ГБУЗ РМ ""ДЕТСКАЯ СТОМАТОЛОГИЧЕСКАЯ ПОЛИКЛИНИКА""",ПВ ОГВ,Ул. БОТЕВГРАДСКАЯ 77,54.188808,45.173176,нет,нет,,200,50000
УС03,1328048037,"ГБУЗ РМ ""РЕСПУБЛИКАНСКАЯ ИНФЕКЦИОННАЯ КЛИНИЧЕСКАЯ БОЛЬНИЦА""",ПВ ОГВ,Ул. КОСАРЕВА 118,54.201824,45.258193,нет,нет,да,390,97500
УС03,1325031645,"ГБУЗ РМ ""РЕСПУБЛИКАНСКАЯ КЛИНИЧЕСКАЯ БОЛЬНИЦА №1""",ПВ ОГВ,Ул. Л.ТОЛСТОГО 57,54.190198,45.186058,нет,нет,,300,75000
УС03,1325031645,"ГБУЗ РМ ""РЕСПУБЛИКАНСКАЯ КЛИНИЧЕСКАЯ БОЛЬНИЦА №1""",ПВ ОГВ,Ул. ПРОЛЕТАРСКАЯ 87,54.194265,45.178674,нет,да,,0,0
УС03,1328160695,"ГБУЗ РМ ""РЕСПУБЛИКАНСКАЯ КЛИНИЧЕСКАЯ БОЛЬНИЦА №5""",ПВ ОГВ,Ул. КОСАРЕВА 116А,54.205689,45.261139,нет,нет,да,490,97500
УС03,1328160695,"ГБУЗ РМ ""РЕСПУБЛИКАНСКАЯ КЛИНИЧЕСКАЯ БОЛЬНИЦА №5""",ПВ ОГВ,Ул. ЯРОСЛАВСКАЯ 2А,,,нет,нет,,700,175000
УС03,1326038210,"ГБУЗ РМ ""РЕСПУБЛИКАНСКИЙ ГЕРИАТРИЧЕСКИЙ ЦЕНТР""",ПВ ОГВ,Пр. ЛЕНИНА 31,54.191932,45.188753,нет,нет,,270,67500
УС03,1328160293,"ГБУЗ РМ ""РОДИЛЬНЫЙ ДОМ""",ПВ ОГВ,Ул. КОСАРЕВА 122,54.203767,45.256837,нет,нет,,120,30000
УС03,1326022770,"ГБУК ""ГОСУДАРСТВЕННЫЙ ТЕАТР КУКОЛ РМ""",ПВ ОГВ,Ул. ВОЛОДАРСКОГО 90 А,54.191921,45.18975,нет,нет,,100,25000
УС03,1326137891,"ГКОУ РМ ""САРАНСКАЯ ОБЩЕОБРАЗОВАТЕЛЬНАЯ ШКОЛА-ИНТЕРНАТ ДЛЯ ДЕТЕЙ С НАРУШЕНИЯМИ СЛУХА""",ПВ ОГВ,Пр. 50 ЛЕТ ОКТЯБРЯ 32,,,нет,нет,,740,185000
УС03,1326209761,"ГКУ ""СОЦЗАЩИТА НАСЕЛЕНИЯ ПО Г.О. САРАНСК""",ПВ ОГВ,Ул. СУЩИНСКОГО 9А,54.200038,45.238439,нет,нет,,200,50000
УС03,1326200776,"ГКУ РМ ""НЦСЭМ""",ПВ ОГВ,Ул. Б.ХМЕЛЬНИЦКОГО 39А,,,нет,нет,,420,105000
УС03,1326048507,"ГКУ РМ ""ЦЗН САРАНСКИЙ""",ПВ ОГВ,Ул. ХАЛТУРИНА 74,54.187996,45.174775,да,да,да,0,0
УС03,1326140735,"ГКУ РМ ДО ""РДМШИ""",ПВ ОГВ,Ул. Б.ХМЕЛЬНИЦКОГО 70,54.186558,45.163502,нет,нет,,270,67500
УС03,1327149240,"ГКУСО РМ ""РЕСПУБЛИКАНСКИЙ СОЦИАЛЬНЫЙ ПРИЮТ ДЛЯ ДЕТЕЙ И ПОДРОСТКОВ ""НАДЕЖДА""",ПВ ОГВ,Ул. СУЩИНСКОГО 10,,,нет,нет,,400,100000
УС03,1326176724,"ГОСУДАРСТВЕННАЯ БЮДЖЕТНАЯ ОРГАНИЗАЦИЯ ДОПОЛНИТЕЛЬНОГО ОБРАЗОВАНИЯ РМ ""РЕСПУБЛИКАНСКИЙ ЦЕНТР ДОПОЛНИТЕЛЬНОГО ОБРАЗОВАНИЯ ДЕТЕЙ""",ПВ ОГВ,Ул. НАБЕРЕЖНАЯ 1-Я 27,,,нет,нет,,1600,400000
УС03,1300002949,"ГУП РМ ""ФАРМАЦИЯ""",ПВ ОГВ,Ул. ЯРОСЛАВСКАЯ 12,,,нет,нет,,980,245000
УС03,1326223660,ДЕПАРТАМЕНТ ГОРОДСКОГО ХОЗЯЙСТВА АДМИНИСТРАЦИИ ГОРОДСКОГО ОКРУГА САРАНСК,ПВ ОМСУ,Ул. СОВЕТСКАЯ 34,54.179956,45.184091,нет,да,,0,0
УС03,1326223607,ДЕПАРТАМЕНТ ПЕРСПЕКТИВНОГО РАЗВИТИЯ АДМИНИСТРАЦИИ ГОРОДСКОГО ОКРУГА САРАНСК,ПВ ОМСУ,Пр. ЛЕНИНА 4,54.182475,45.186993,нет,да,,0,0
УС03,1326195942,ДЕПАРТАМЕНТ ПО СОЦИАЛЬНОЙ ПОЛИТИКЕ АДМИНИСТРАЦИИ ГОРОДСКОГО ОКРУГА САРАНСК,ПВ ОМСУ,Ул. Б.ХМЕЛЬНИЦКОГО 57,54.187217,45.176069,нет,да,,0,0
УС03,1326195893,ДЕПАРТАМЕНТ ФИНАНСОВ АДМИНИСТРАЦИИ ГОРОДСКОГО ОКРУГА САРАНСК,ПВ ОМСУ,Ул. СОВЕТСКАЯ 30,54.180599,45.18542,нет,да,,0,0
УС03,1328170005,ИФНС России по Октябрьскому району Г. Саранска,Прочее,Ул. ГОЖУВСКАЯ 36А,54.198284,45.230237,нет,нет,,200,50000
УС03,1326222120,КОНТРОЛЬНО-СЧЕТНАЯ ПАЛАТА ГОРОДСКОГО ОКРУГА САРАНСК,ПВ ОМСУ,Ул. СОВЕТСКАЯ 30,54.180599,45.18542,нет,да,,0,0
УС03,1326210615,"КУ ""ГОРОДСКАЯ ОБЩЕСТВЕННАЯ ПРИЕМНАЯ""",ПВ ОМСУ,Пр. ЛЕНИНА 4,54.182475,45.186993,да,да,,0,0
УС03,1326179845,"КУ ""ГРАДОСТРОИТЕЛЬСТВО""",ПВ ОМСУ,Пр. ЛЕНИНА 4,54.182475,45.186993,нет,да,да,0,0
УС03,1325127361,"КУ Г.О. САРАНСК ""ДИРЕКЦИЯ КОММУНАЛЬНОГО ХОЗЯЙСТВА И БЛАГОУСТРОЙСТВА""",ПВ ОМСУ,Ул. ТЕРЕШКОВОЙ 5,54.192690,45.178863,да,да,да,0,0
УС03,1326192290,УФССП России по Республике Мордовия,Прочее,Ул. ТЕРЕШКОВОЙ 1,54.192537,45.181594,нет,да,,0,0
УС03,1326210397,"КУ Г.О. САРАНСК ""ЦЕНТР СОЦИАЛЬНЫХ ВЫПЛАТ И ИНФОРМИРОВАНИЯ НАСЕЛЕНИЯ""",ПВ ОМСУ,Ул. ПРОЛЕТАРСКАЯ 92А,54.188718,45.176806,нет,да,,0,0
УС03,1326208415,"КУ ГОРОДСКОГО ОКРУГА САРАНСК ""ТУ ГОРОДСКОГО ОКРУГА САРАНСК""",ПВ ОМСУ,Ул. СОВЕТСКАЯ 34,54.179956,45.184091,нет,да,,0,0
УС03,1327149106,"МАДОУ ""ДЕТСКИЙ САД № 36""",ПВ ОМСУ,Ул. ВОИНОВА 4,,,нет,нет,,450,112500
УС03,1328008789,"МАДОУ ""ДЕТСКИЙ САД № 80""",ПВ ОМСУ,Ул. Т.БИБИНОЙ 22,,,нет,нет,,1100,275000
УС03,1328048615,"МАДОУ ""ДЕТСКИЙ САД №82""",ПВ ОМСУ,Ул. КОСАРЕВА 27,,,нет,нет,,430,107500
УС03,1328048615,"МАДОУ ""ДЕТСКИЙ САД №82""",ПВ ОМСУ,Ул. СУЩИНСКОГО 13,,,нет,нет,,720,180000
УС03,1328014599,"МАДОУ ""ЦЕНТР РАЗВИТИЯ РЕБЕНКА - ДЕТСКИЙ САД № 17""",ПВ ОМСУ,ЮБИЛЕЙНЫЙ Пр. РОССИЙСКОЙ АРМИИ 14а,,,нет,нет,,1000,250000
УС03,1328016187,"МАДОУ ""ЦЕНТР РАЗВИТИЯ РЕБЕНКА - ДЕТСКИЙ САД № 3""",ПВ ОМСУ,Пр. РОССИЙСКОЙ АРМИИ 8,54.179619,45.213062,нет,нет,,100,25000
УС03,1328160663,"МАДОУ ""ЦЕНТР РАЗВИТИЯ РЕБЕНКА - ДЕТСКИЙ САД № 46""",ПВ ОМСУ,Пр. 70 ЛЕТ ОКТЯБРЯ 82,54.194618,45.227453,нет,нет,,150,37500
УС03,1328011870,"МАДОУ ""ЦЕНТР РАЗВИТИЯ РЕБЕНКА - ДЕТСКИЙ САД № 7""",ПВ ОМСУ,Пр. 70 ЛЕТ ОКТЯБРЯ 71а,,,нет,нет,,725,181250
УС03,1328017448,"МАДОУ ""ЦЕНТР РАЗВИТИЯ РЕБЕНКА - ДЕТСКИЙ САД № 8""",ПВ ОМСУ,Ул. Т.БИБИНОЙ 3,54.193712,45.252866,нет,нет,,170,42500
УС03,1328011252,"МАДОУ ""ЦЕНТР РАЗВИТИЯ РЕБЕНКА - ДЕТСКИЙ САД №13""",ПВ ОМСУ,Ул. ВОЛГОГРАДСКАЯ 87,,,нет,нет,,560,140000
УС03,1328049249,"МАДОУ ""ЦЕНТР РАЗВИТИЯ РЕБЕНКА-ДЕТСКИЙ САД №90""",ПВ ОМСУ,Ул. ЯРОСЛАВСКАЯ 13,54.188855,45.229285,нет,нет,,270,67500
УС03,1328169698,"МБУДО ""ДМШ № 6""",ПВ ОМСУ,Ул. ГОЖУВСКАЯ 25,54.194265,45.241448,нет,нет,,100,25000
УС03,1328169641,"МБУДО ""ДХШ № 3""",ПВ ОМСУ,Ул. СУЩИНСКОГО 24А,54.20126,45.239203,нет,нет,,200,50000
УС03,1328904961,"МБУК ""ДОМ КУЛЬТУРЫ ""ЗАРЕЧЬЕ""",ПВ ОМСУ,Б-р ЭРЬЗИ 19,54.198226,45.248554,нет,нет,,270,67500
УС03,1326048497,"МБУК ""МЕМОРИАЛЬНЫЙ МУЗЕЙ В И ТП 1941-1945 ГГ.""",ПВ ОМСУ,Ул. СОВЕТСКАЯ 34А,54.180483,45.184037,нет,да,,0,0
УС03,1326143574,"МБУК ""ЦГБС ДЛЯ ВЗРОСЛЫХ""",ПВ ОМСУ,Ул. ЭНГЕЛЬСА 9А,,,нет,нет,,1800,450000
УС03,1328159636,"МДОУ ""ДЕТСКИЙ САД № 5""",ПВ ОМСУ,Ул. СЕВАСТОПОЛЬСКАЯ 86,,,нет,нет,,470,117500
УС03,1328048654,"МДОУ ""ДЕТСКИЙ САД № 99""",ПВ ОМСУ,Ул. ЛИХАЧЕВА 36,54.19811,45.234639,нет,нет,,130,32500
УС03,1328160945,"МДОУ ""ДЕТСКИЙ САД №117""",ПВ ОМСУ,Ул. МИЧУРИНА 39,,,нет,нет,,5600,1400000
УС03,1328159202,"МДОУ ""ДЕТСКИЙ САД №120""",ПВ ОМСУ,Ул. СУЩИНСКОГО 2,54.200786,45.246335,нет,нет,,240,60000
УС03,1327049503,"МДОУ ""ДЕТСКИЙ САД №125""",ПВ ОМСУ,Ул. ВОИНОВА 40,54.217752,45.111058,нет,нет,,190,47500
УС03,1328160102,"МДОУ ""ДЕТСКИЙ САД №127""",ПВ ОМСУ,Пр. 70 ЛЕТ ОКТЯБРЯ 105,54.190757,45.234424,нет,нет,,170,42500
УС03,1328159820,"МДОУ ""ДЕТСКИЙ САД №16""",ПВ ОМСУ,Ул. КАЧАЛОВА 1,54.179714,45.242472,нет,нет,,380,95000
УС03,1326136400,"МДОУ ""ДЕТСКИЙ САД №43""",ПВ ОМСУ,Ул. ПОЛЕЖАЕВА 54А,54.188602,45.174784,нет,нет,,120,30000
УС03,1328160670,"МДОУ ""ДЕТСКИЙ САД №66""",ПВ ОМСУ,Ул. ЛИХАЧЕВА 13а,54.19601112881780,45.2472393240811,нет,нет,,370,92500
УС03,1328159202,"МДОУ ""ДЕТСКИЙ САД №85""",ПВ ОМСУ,Пр. 70 ЛЕТ ОКТЯБРЯ 120,54.193633,45.234451,нет,нет,,210,52500
УС03,1328048608,"МДОУ ""ДЕТСКИЙ САД №88""",ПВ ОМСУ,Ул. ЛИХАЧЕВА 30,54.196715,45.236687,нет,нет,,150,37500
УС03,1328160688,"МДОУ ""ДЕТСКИЙ САД №93""",ПВ ОМСУ,Ул. ОКТЯБРЬСКАЯ 17,,,нет,нет,,2000,500000
УС03,1328048647,"МДОУ ""ДЕТСКИЙ САД №97""",ПВ ОМСУ,Ул. ГОЖУВСКАЯ 26,54.196446,45.231765,нет,нет,,120,30000
УС03,1326248344,"МКУ ""ЕДДС Г.О. САРАНСК""",ПВ ОМСУ,Ул. СОВЕТСКАЯ 34,54.179956,45.184091,нет,да,,0,0
УС03,1326217434,"МКУ ""ЦЕНТР ФИНАНСОВО-ЭКОНОМИЧЕСКОГО ОБЕСПЕЧЕНИЯ УЧРЕЖДЕНИЙ СОЦИАЛЬНОЙ СФЕРЫ""",ПВ ОМСУ,Ул. Б.ХМЕЛЬНИЦКОГО 57,54.187217,45.176069,нет,да,,0,0
УС03,1326048176,"МОУ ""ЛИЦЕЙ № 4""",ПВ ОМСУ,Ул. Б.ХМЕЛЬНИЦКОГО 57,54.187217,45.176069,да,да,,0,0
УС03,1328159932,"МОУ ""ЛИЦЕЙ № 7""",ПВ ОМСУ,Пр. 70 ЛЕТ ОКТЯБРЯ 102,54.19432,45.231858,нет,нет,,350,87500
УС03,1328160381,"МОУ ""ОЗЕРНАЯ ОСНОВНАЯ ОБЩЕОБРАЗОВАТЕЛЬНАЯ ШКОЛА""",ПВ ОМСУ,ОЗЕРНЫЙ Ул. ТЕПЛИЧНАЯ 16,,,нет,нет,,4900,1225000
УС03,1328159026,"МОУ ""СРЕДНЯЯ ШКОЛА № 11""",ПВ ОМСУ,Б-Р ЭРЬЗИ 28а,54.197468,45.251249,нет,нет,,180,45000
УС03,1328159442,"МОУ ""СРЕДНЯЯ ШКОЛА № 13""",ПВ ОМСУ,Ул. ЛЕНИНГРАДСКАЯ 34,,,нет,нет,,1900,475000
УС03,1328159643,"МОУ ""СРЕДНЯЯ ШКОЛА № 2 ИМ. ГЕРОЯ СОВЕТСКОГО СОЮЗА П.И. ОРЛОВА""",ПВ ОМСУ,Ул. ВОЛГОГРАДСКАЯ 88,,,нет,нет,,610,152500
УС03,1328048598,"МОУ ""СРЕДНЯЯ ШКОЛА № 30""",ПВ ОМСУ,Ул. СУЩИНСКОГО 5,54.199064,45.239715,нет,нет,,100,25000
УС03,1328159690,"МОУ ""СРЕДНЯЯ ШКОЛА № 36""",ПВ ОМСУ,Ул. СЕВАСТОПОЛЬСКАЯ 74,54.196283,45.227507,нет,нет,,160,40000
УС03,1328160092,"МОУ ""СРЕДНЯЯ ШКОЛА № 40""",ПВ ОМСУ,Ул. СЕВАСТОПОЛЬСКАЯ 46,54.190625,45.225818,нет,нет,,370,92500
УС03,1326137436,"МОУ ""СРЕДНЯЯ ШКОЛА №16""",ПВ ОМСУ,Ул. БОТЕВГРАДСКАЯ 102,54.191315,45.171326,нет,нет,,120,30000
УС03,1328160085,"МОУ ""СРЕДНЯЯ ШКОЛА №28""",ПВ ОМСУ,Пр. 70 ЛЕТ ОКТЯБРЯ 160,54.192933,45.241143,нет,нет,,180,45000
УС03,1328159763,"МОУ ""СРЕДНЯЯ ШКОЛА №32""",ПВ ОМСУ,Ул. ЛИХАЧЕВА 40,54.199933,45.233067,нет,нет,,210,52500
УС03,1328014253,"МОУ Г.О. САРАНСК ""ЦЕНТР ОБРАЗОВАНИЯ ""ТАВЛА"" - СРЕДНЯЯ ОБЩЕОБРАЗОВАТЕЛЬНАЯ ШКОЛА №17""",ПВ ОМСУ,ЮБИЛЕЙНЫЙ Пр. РОССИЙСКОЙ АРМИИ 7,,,нет,нет,,400,100000
УС03,1328902523,"МП ГОРОДСКОГО ОКРУГА САРАНСК ""ЖИЛИЩНОЕ РЕМОНТНО-СТРОИТЕЛЬНОЕ УПРАВЛЕНИЕ ОКТЯБРЬСКОГО РАЙОНА Г. САРАНСКА""",ПВ ОМСУ,Пр. 70 ЛЕТ ОКТЯБРЯ 161,,,нет,нет,,530,132500
УС03,1325012787,"МП ГОРОДСКОГО ОКРУГА САРАНСК ""КАДАСТР""",ПВ ОМСУ,Пр. ЛЕНИНА 4,54.182475,45.186993,нет,нет,,100,25000
УС03,1326179725,"МУ ""ИНФОРМАЦИОННО-МЕТОДИЧЕСКИЙ ЦЕНТР""",ПВ ОМСУ,Ул. Б.ХМЕЛЬНИЦКОГО 57,54.187217,45.176069,нет,да,,0,0
УС03,1326179676,"МУ ""РЕМОНТНО-СТРОИТЕЛЬНАЯ СЛУЖБА""",ПВ ОМСУ,Ул. Б.ХМЕЛЬНИЦКОГО 57,54.187217,45.176069,нет,да,,0,0
УС03,1326140037,"МУДО ""СДЮСШ № 4""",ПВ ОМСУ,Пр. ЛЕНИНА 1 А,54.181479,45.188376,нет,нет,,100,25000
УС03,1328019847,"ООО ""Саранский Ветсанутильзавод"" ",ПВ ОГВ,Ш. АЛЕКСАНДРОВСКОЕ 51,,,нет,нет,,4500,1125000
УС03,1326189794,СОВЕТ ДЕПУТАТОВ ГОРОДСКОГО ОКРУГА САРАНСК,ПВ ОМСУ,Ул. СОВЕТСКАЯ 30,54.180599,45.18542,нет,да,,0,0
УС04,1326194466,МИНЮСТ РМ (отдел ЗАГС),ОГВ,Ул. ФЕДОСЕЕНКО 2А,54.193291,45.187271,да,да,да,0,0
УС04,1326135950,УФСБ России по Республике Мордовия,Прочее,Ул. БОТЕВГРАДСКАЯ 80А,54.187211,45.170742,нет,да,,0,0
УС05,1326200624,АППАРАТ УПОЛНОМОЧЕННОГО ПО ПРАВАМ ЧЕЛОВЕКА В РЕСПУБЛИКЕ МОРДОВИЯ,ОГВ,Ул. КОММУНИСТИЧЕСКАЯ 33/3,54.185325,45.185627,да,да,,0,0
УС05,5260354434,Представительство МИД России в Г.Нижнем Новгороде,Прочее,Ул. КОММУНИСТИЧЕСКАЯ 33/2,54.184893,45.186301,да,да,,0,0
УС05,1326049116,Гострудинспекция в Республике Мордовия,Прочее,Ул. КОММУНИСТИЧЕСКАЯ 33/2,54.184893,45.186301,да,да,,0,0
УС05,1326194152,"АУ ""ДЖАЗОВЫЙ ОРКЕСТР ""БИГ-БЕНД ""САРАНСК""",ПВ ОГВ,Ул. КОММУНИСТИЧЕСКАЯ 33/3,54.185325,45.185627,нет,да,да,0,0
УС05,1326198598,"Ассоциация ""СМО РМ""",Прочее,Ул. КОММУНИСТИЧЕСКАЯ 33/2,54.184893,45.186301,да,да,,0,0
УС05,1300050357,Администрация Главы Республики Мордовия (Депутат Ком 33/3 - 605),ОГВ,Ул. КОММУНИСТИЧЕСКАЯ 33/3,54.185325,45.185627,да,да,,0,0
УС05,1326138535,Мордовская Республиканская Общественная Организация Всероссийской Организации Ветеранов,Прочее,Ул. КОММУНИСТИЧЕСКАЯ 33/3,54.185325,45.185627,да,да,,0,0
УС05,1326189297,"ГАУ ""ТЕАТР ПЕСНИ ""РОСИЧИ""",ПВ ОГВ,Ул. Б.ХМЕЛЬНИЦКОГО 26,54.185773,45.183956,нет,да,,0,0
УС05,1326141143,"ГБПОУ РМ ""САРАНСКОЕ ХУДОЖЕСТВЕННОЕ УЧИЛИЩЕ ИМЕНИ Ф.В.СЫЧКОВА""",ПВ ОГВ,Ул. ВАСЕНКО 3,54.194955,45.185915,нет,нет,,260,65000
УС05,1326141577,"ГБУ ""МОРДОВСКИЙ РЕСПУБЛИКАНСКИЙ МОЛОДЕЖНЫЙ ЦЕНТР""",ПВ ОГВ,Ул. БОЛЬШЕВИСТСКАЯ 33,54.185193,45.182905,нет,нет,,130,32500
УС05,1326227834,"ГБУ ""ТУРИСТСКО-ИНФОРМАЦИОННЫЙ ЦЕНТР РМ""",ПВ ОГВ,Ул. Б.ХМЕЛЬНИЦКОГО 26,54.185773,45.183956,нет,да,да,0,0
УС05,1326145370,"ГБУ ДОПОЛНИТЕЛЬНОГО ОБРАЗОВАНИЯ ""МОРДОВСКАЯ РЕСПУБЛИКАНСКАЯ ДЕТСКАЯ ХОРЕОГРАФИЧЕСКАЯ ШКОЛА""",ПВ ОГВ,Ул. Л.ТОЛСТОГО 19,54.183729,45.185438,нет,нет,,140,35000
УС05,1326214602,"ГБУ РМ ""ЦЕНТР ОЦЕНКИ КАЧЕСТВА ОБРАЗОВАНИЯ - ""ПЕРСПЕКТИВА""",ПВ ОГВ,Ул. ФЕДОСЕЕНКО 19,54.193818,45.176536,нет,нет,,200,50000
УС05,1326022795,"ГБУК ""ГОСУДАРСТВЕННЫЙ МУЗЫКАЛЬНЫЙ ТЕАТР ИМ.И.М.ЯУШЕВА РМ""",ПВ ОГВ,Ул. Б.ХМЕЛЬНИЦКОГО 36,54.186068,45.180138,нет,нет,да,100,25000
УС05,1326049130,"ГБУК ""МОРДОВСКАЯ РЕСПУБЛИКАНСКАЯ ДЕТСКАЯ БИБЛИОТЕКА""",ПВ ОГВ,Ул. БОЛЬШЕВИСТСКАЯ 39,54.185784,45.182986,нет,нет,,100,25000
УС05,1326145388,"ГБУК ""НАЦИОНАЛЬНАЯ БИБЛИОТЕКА ИМЕНИ А.С.ПУШКИНА РМ""",ПВ ОГВ,Ул. Б.ХМЕЛЬНИЦКОГО 26,54.185773,45.183956,нет,да,да,0,0
УС05,1326251202,"ГКУ ""АППАРАТ ОБЩЕСТВЕННОЙ ПАЛАТЫ РМ""",ПВ ОГВ,Ул. Б.ХМЕЛЬНИЦКОГО 26,54.185773,45.183956,да,да,,0,0
УС05,1326208542,"ГКУ ""УПРДОР РМ""",ПВ ОГВ,Ул. КОММУНИСТИЧЕСКАЯ 33/3,54.185325,45.185627,да,да,,0,0
УС05,1326196456,"ГКУ ""ЦБУМКРМ""",ПВ ОГВ,Ул. Б.ХМЕЛЬНИЦКОГО 26,54.185773,45.183956,да,да,,0,0
УС05,1326233740,"ГКУ РМ ""СЛУЖБА ЗАКАЗЧИКА""",ПВ ОГВ,Ул. КОММУНИСТИЧЕСКАЯ 33/3,54.185325,45.185627,нет,да,,0,0
УС05,1326233531,"ГКУ РМ ""УПРАВЛЕНИЕ ПО ОБЕСПЕЧЕНИЮ ДЕЯТЕЛЬНОСТИ ЖКК РМ""",ПВ ОГВ,Ул. КОММУНИСТИЧЕСКАЯ 33/3,54.185325,45.185627,да,да,,0,0
УС05,1326255302,"ГКУ РМ ""ЦЕНТР КОМПЕТЕНЦИЙ В СФЕРЕ ЖКХ И ЭНЕРГЕТИКИ""",ПВ ОГВ,Ул. КОММУНИСТИЧЕСКАЯ 33/3,54.185325,45.185627,да,да,,0,0
УС05,1326148340,"ГКУК РМ ""МРСБС""",ПВ ОГВ,Ул. РАБОЧАЯ 36,,,нет,нет,,500,125000
УС05,1326134450,ГОСУКС РМ,ПВ ОГВ,Ул. КОММУНИСТИЧЕСКАЯ 33/3,54.185325,45.185627,да,да,,0,0
УС05,1326024721,ГУ-Ро Фонда Социального Страхования Российской Федерации по Республике Мордовия,Прочее,Пр. ЛЕНИНА 12А,54.186026,45.186939,да,нет,,100,25000
УС05,1326211383,"КУ Г.О. САРАНСК ""ГОРКАПСТРОЙЗАКАЗЧИК""",ПВ ОМСУ,Ул. КОММУНИСТИЧЕСКАЯ 14,54.183233,45.191888,нет,нет,да,250,62500
УС05,1326176428,"МАДОУ ""ДЕТСКИЙ САД №112""",ПВ ОМСУ,Ул. ВОЛОДАРСКОГО 37,54.18513,45.191403,нет,нет,,150,37500
УС05,1325128750,"МБУДО ""ДМШ № 1""",ПВ ОМСУ,Ул. Л.ТОЛСТОГО 13,54.18298,45.185367,нет,нет,,100,25000
УС05,1326184034,"МБУДО ""ДМШ № 2""",ПВ ОМСУ,Ул. ВАСЕНКО 3,,,нет,нет,,650,162500
УС05,1326176435,"МДОУ ""ДЕТСКИЙ САД №29""",ПВ ОМСУ,Ул. ПРОЛЕТАРСКАЯ 40А,54.183428,45.175431,нет,нет,,380,95000
УС05,1325127837,МИНЖИЛКОМХОЗ РМ,ОГВ,Ул. КОММУНИСТИЧЕСКАЯ 33/3,54.185325,45.185627,да,да,,0,0
УС05,1325126625,МИНЗДРАВ РМ,ОГВ,Ул. КОММУНИСТИЧЕСКАЯ 33/3,54.185325,45.185627,нет,да,,0,0
УС05,1326199584,МИНКУЛЬТНАЦ РМ,ОГВ,Ул. КОММУНИСТИЧЕСКАЯ 33/3,54.185325,45.185627,да,да,,0,0
УС05,1326047197,МИНОБРАЗОВАНИЕ РМ,ОГВ,Ул. КОММУНИСТИЧЕСКАЯ 33/2,54.184893,45.186301,да,да,,0,0
УС05,1326205661,МИНПРОМНАУКИ РМ,ОГВ,Ул. КОММУНИСТИЧЕСКАЯ 33/2,54.184893,45.186301,да,да,,0,0
УС05,1326137309,МИНСПОРТ РМ,ОГВ,Ул. КОММУНИСТИЧЕСКАЯ 33/3,54.185325,45.185627,да,да,,0,0
УС05,1325127820,МИНСТРОЙ РМ,ОГВ,Ул. КОММУНИСТИЧЕСКАЯ 33/3,54.185325,45.185627,да,да,,0,0
УС05,1326221952,МИНЦИФРЫ РМ,ОГВ,Ул. КОММУНИСТИЧЕСКАЯ 33/3,54.185325,45.185627,да,да,,0,0
УС05,1326194466,МИНЮСТ РМ,ОГВ,Ул. КОММУНИСТИЧЕСКАЯ 33/2,54.184893,45.186301,да,да,да,0,0
УС05,1326137154,"МОУ ""ГИМНАЗИЯ № 12""",ПВ ОМСУ,Пр. ЛЕНИНА 11,54.185262,45.188933,нет,нет,,210,52500
УС05,1326028934,"МОУ ""ЛИЦЕЙ №43""",ПВ ОМСУ,Ул. ПРОЛЕТАРСКАЯ 101а,54.191674,45.179213,нет,нет,,330,82500
УС05,1326137080,"МОУ ""СРЕДНЯЯ ШКОЛА № 39""",ПВ ОМСУ,Ул. ВОЛОДАРСКОГО 5,54.182259,45.190649,нет,нет,,100,25000
УС05,1326198365,"НА""ПОВОЛЖСКИЙ ЦКФУН"" ",Прочее,Ул. Б.ХМЕЛЬНИЦКОГО 26,54.185773,45.183956,да,да,,0,0
УС05,1326250576,РСТ РМ,ОГВ,Ул. КОММУНИСТИЧЕСКАЯ 33/2,54.184893,45.186301,да,да,,0,0
УС05,5260107770,Межрегиональное Управление Росприроднадзора по Нижегородской области и Республике Мордовия,Прочее,Пр. ЛЕНИНА 14,54.186869,45.187379,да,нет,,100,25000
УС05,1326031020,Мордовиястат,Прочее,Ул. ВАСЕНКО 7В,54.195192,45.179608,нет,да,,0,0
УС05,1327012704,"ООО ""Центр Стоматологии""",Прочее,Ул. ВАСЕНКО 13,54.195219,45.167742,нет,да,,0,0
УС07,1325050006,Управление Федеральной налоговой службы по Республике Мордовия,Прочее,Ул. МОСКОВСКАЯ 3/1,54.179761,45.185097,нет,да,,0,0
УС09,5902202276,АО ЭР ТЕЛЕКОМ ХОЛДИНГ,Прочее,Ул. БОЛЬШЕВИСТСКАЯ 30,54.183033,45.180893,да,да,,0,0
УС09,1326225410,"ГАУ РМ “МФЦ""",ПВ ОГВ,Ул. БОЛЬШЕВИСТСКАЯ 31,54.183971,45.182779,да,нет,,390,97500
УС09,1326194787,МИНЛЕСХОЗ РМ,ОГВ,Ул. КОММУНИСТИЧЕСКАЯ 50,54.184013,45.180390,да,да,,0,0
УС09,1326134322,МИНСЕЛЬХОЗПРОД РМ,ОГВ,Ул. КОММУНИСТИЧЕСКАЯ 50,54.184013,45.180390,да,да,,0,0
УС09,1325026620,ОПФР по Республике Мордовия,Прочее,Ул. КОММУНИСТИЧЕСКАЯ 52,54.184003,45.179069,да,нет,,100,25000
УС09,1326224216,Управление Россельхознадзора по Республике Мордовия и Пензенской области,Прочее,Ул. КОММУНИСТИЧЕСКАЯ 50,54.184013,45.180390,нет,да,,0,0
УС09,1326215613,"АО ""Мордовавтодор""",Прочее,Ул. КОММУНИСТИЧЕСКАЯ 50,54.184013,45.180390,нет,да,,0,0
УС09,1326211305,"МТУ Росимущества в Республике Мордовия, Республике Марий Эл, Чувашской Республике и Пензенской области",Прочее,Ул. КОММУНИСТИЧЕСКАЯ 50,54.184013,45.180390,нет,да,,0,0
УС09,1326184348,"АКФХ РМ ""Нива""",Прочее,Ул. КОММУНИСТИЧЕСКАЯ 50,54.184013,45.180390,нет,да,,0,0
УС09,1326186338,"ООО ""Энергснаб""",Прочее,Ул. КОММУНИСТИЧЕСКАЯ 50,54.184013,45.180390,нет,да,,0,0
УС09,1326232143,АССОЦИАЦИЯ МЕДИАТОРОВ РЕСПУБЛИКИ МОРДОВИЯ,Прочее,Ул. КОММУНИСТИЧЕСКАЯ 50,54.184013,45.180390,нет,да,,0,0
УС09,1326961234,"РОР ""Агропромобъединение Республики Мордовия""",Прочее,Ул. КОММУНИСТИЧЕСКАЯ 50,54.184013,45.180390,нет,да,,0,0
УС10,1326175167,"ГАУ РМ ""РСТЦ ""СТАРТ""",ПВ ОГВ,Ул. ВОЛГОГРАДСКАЯ 1,54.182554,45.203710,да,да,,0,0
УС10,132810471099,ИП Кирдяшова Ольга Викторовна,Прочее,Ул. ВОЛГОГРАДСКАЯ 1,54.182554,45.203710,да,да,,0,0
УС10,132709760286,ИП Мухин Игорь Александрович,Прочее,Ул. ВОЛГОГРАДСКАЯ 1,54.182554,45.203710,да,да,,0,0
УС10,132810773043,ИП Марычев Родион Михайлович,Прочее,Ул. ВОЛГОГРАДСКАЯ 1,54.182554,45.203710,да,да,,0,0
УС10,1326136577,МВД по Республике Мордовия,Прочее,Ул. КОММУНИСТИЧЕСКАЯ 75,54.185078,45.173787,нет,да,,0,0
УС11,1327157820,"АУ РМ ""СК ""МОРДОВИЯ""",ПВ ОГВ,Ул. СТРОИТЕЛЬНАЯ 13,54.206305,45.156324,да,нет,,950,237500
УС11,1327013722,"ГБУ РМ ""СПОРТИВНАЯ ШКОЛА ОЛИМПИЙСКОГО РЕЗЕРВА ""АКАДЕМИЯ И.ВИНЕР ПО ХУДОЖЕСТВЕННОЙ ГИМНАСТИКЕ""",ПВ ОГВ,Ул. СТРОИТЕЛЬНАЯ 13,54.206305,45.156324,да,нет,,950,237500
УС11,1326148710,"ГБУ РМ ""СПОРТИВНАЯ ШКОЛА ОЛИМПИЙСКОГО РЕЗЕРВА ПО ВЕЛОСПОРТУ""",ПВ ОГВ,Ул. СТРОИТЕЛЬНАЯ 13А,54.208085,45.156567,нет,нет,да,350,87500
УС11,1326137563,"ГБУ РМ ""СПОРТИВНО-АДАПТИВНАЯ ШКОЛА Е.В.ШВЕЦОВА СУРДЛИМПИЙСКОГО И ПАРАЛИМПИЙСКОГО РЕЗЕРВА""",ПВ ОГВ,Ул. СТРОИТЕЛЬНАЯ 13,54.206305,45.156324,да,нет,,950,237500
УС11,1326136577,МВД по Республике Мордовия (Управление ГИБДД по РМ),Прочее,Ул. СТРОИТЕЛЬНАЯ 6,54.204462,45.167535,нет,да,,0,0
УС12,1300050318,МИНФИН РМ,ОГВ,Ул. КОММУНИСТИЧЕСКАЯ 33/1,54.184835,45.187091,да,да,,0,0
УС12,1326135326,УФК по Республике Мордовия,Прочее,Ул. КОММУНИСТИЧЕСКАЯ 33/1,54.184835,45.187091,нет,да,,0,0
УС13,1326136880,"АВТОНОМНОЕ УЧРЕЖДЕНИЕ ""ИЗВЕСТИЯ МОРДОВИИ""",ПВ ОГВ,Ул. СОВЕТСКАЯ 22,54.180024,45.193541,нет,да,,0,0
УС13,1326236596,"АНО ""Региональный центр судебных экспертиз""",Прочее,Ул. СОВЕТСКАЯ 22,54.180024,45.193541,да,да,,0,0
УС13,1326226559,"ГБУ ПО ОКАЗАНИЮ ГОСУДАРСТВЕННЫХ УСЛУГ В СФЕРЕ СРЕДСТВ МАССОВОЙ ИНФОРМАЦИИ ""ПРЕСС-ЦЕНТР РМ""",ПВ ОГВ,Ул. СОВЕТСКАЯ 22,54.180024,45.193541,да,да,,0,0
УС13,1326135990,"ГБУ РМ ""ЖУРНАЛЫ ""МОКША"" И ""ЯКСТЕРЬ ТЯШТЕНЯ""",ПВ ОГВ,Ул. СОВЕТСКАЯ 22,54.180024,45.193541,да,да,,0,0
УС13,1326136979,"ГБУ РМ ""РЕДАКЦИЯ ГАЗЕТЫ ""МОКШЕНЬ ПРАВДА""",ПВ ОГВ,Ул. СОВЕТСКАЯ 22,54.180024,45.193541,да,да,,0,0
УС13,1326136961,"ГБУ РМ ""РЕДАКЦИЯ ГАЗЕТЫ ""ЭРЗЯНЬ ПРАВДА""",ПВ ОГВ,Ул. СОВЕТСКАЯ 22,54.180024,45.193541,да,да,,0,0
УС13,1326193173,"ГБУ РМ ""РЕДАКЦИЯ ГАЗЕТЫ ""ЮЛДАШ"" (""СПУТНИК"")",ПВ ОГВ,Ул. СОВЕТСКАЯ 22,54.180024,45.193541,да,да,,0,0
УС13,1326135453,"ГБУ РМ ""РЕДАКЦИЯ ЖУРНАЛА ""СЯТКО""",ПВ ОГВ,Ул. СОВЕТСКАЯ 22,54.180024,45.193541,да,да,,0,0
УС13,1326034776,"ГБУ РМ ""РЕДАКЦИЯ ЖУРНАЛА ""ЧИЛИСЕМА"" (""ВОСХОД"")",ПВ ОГВ,Ул. СОВЕТСКАЯ 22,54.180024,45.193541,да,да,,0,0
УС13,1328043060,"ГБУ РМ ""РЕДАКЦИЯ МОЛОДЕЖНОГО ЖУРНАЛА ""СТРАННИК""",ПВ ОГВ,Ул. СОВЕТСКАЯ 22,54.180024,45.193541,да,да,,0,0
УС13,1328160695,"ГБУЗ РМ ""РЕСПУБЛИКАНСКАЯ КЛИНИЧЕСКАЯ БОЛЬНИЦА №5""",ПВ ОГВ,Ул. РОССИЙСКОЙ АРМИИ 5,,,нет,нет,,700,175000
УС13,1326004588,"ГУП РМ ""ГАЗЕТНО-ЖУРНАЛЬНОЕ ИЗДАТЕЛЬСТВО""",ПВ ОГВ,Ул. СОВЕТСКАЯ 22,54.180024,45.193541,да,да,,0,0
УС13,323305393306,ИП ДУДКО АРТЕМ ВЛАДИМИРОВИЧ,Прочее,Ул. СОВЕТСКАЯ 22,54.180024,45.193541,да,да,,0,0
УС13,132802596930,ИП Ошкова Олеся Юрьевна,Прочее,Ул. СОВЕТСКАЯ 22,54.180024,45.193541,да,да,,0,0
УС13,1326134509,ИФНС России по Ленинскому району Г. Саранска,Прочее,Ул. СОВЕТСКАЯ 7,54.180541,45.196101,нет,нет,,250,62500
УС13,1326029060,Общественная организация «Союз писателей Республики Мордовия»,Прочее,Ул. СОВЕТСКАЯ 22,54.180024,45.193541,да,да,,0,0
УС13,1328017864,ООО «ГЕОГАРАНТ»,Прочее,Ул. СОВЕТСКАЯ 22,54.180024,45.193541,да,да,,0,0
УС13,9701126826,ООО «Эксперт»,Прочее,Ул. СОВЕТСКАЯ 22,54.180024,45.193541,да,да,,0,0
УС13,1326253947,ООО «ЮК «Прозащита»,Прочее,Ул. СОВЕТСКАЯ 22,54.180024,45.193541,да,да,,0,0
УС13,1326256955,ООО ТЕХНО ТАЙМ,Прочее,Ул. СОВЕТСКАЯ 22,54.180024,45.193541,да,да,,0,0
УС13,1326033469,"РОО ""Союз Журналистов РМ""",Прочее,Ул. СОВЕТСКАЯ 22,54.180024,45.193541,да,да,,0,0
УС14,1326251555,"АО ""РАЗВИТИЕ СЕЛА""",ПВ ОГВ,Ул. МОСКОВСКАЯ 1,54.180109,45.185798,нет,да,,0,0
УС15,1326175167,"ГАУ РМ ""РСТЦ ""СТАРТ""",ПВ ОГВ,Ул. МОСКОВСКАЯ 12,54.176346,45.190963,да,нет,,100,25000
УС15,1326184228,"ГАУ РМ ""СШОРТ ШАМИЛЯ ТАРПИЩЕВА""",ПВ ОГВ,Ул. ГРУЗИНСКАЯ  25А,54.174628,45.173931,да,нет,,800,200000
УС15,1327011500,"ГБОУ РМ ""РЕСПУБЛИКАНСКИЙ ЛИЦЕЙ ДЛЯ ОДАРЁННЫХ ДЕТЕЙ""",ПВ ОГВ,Ул. МОСКОВСКАЯ 46,,,нет,нет,,400,100000
УС15,1326137901,"ГБПОУ РМ ""САРАНСКИЙ ТЕХНИКУМ ПИЩЕВОЙ И ПЕРЕРАБАТЫВАЮЩЕЙ ПРОМЫШЛЕННОСТИ""",ПВ ОГВ,Ул. А.НЕВСКОГО 57,,,нет,нет,,600,150000
УС15,1326213983,"ГБУ РМ ""АВТОБАЗА № 13""",ПВ ОГВ,Ул. РЕСПУБЛИКАНСКАЯ 35,,,нет,нет,,570,142500
УС15,1328160695,"ГБУЗ РМ ""РЕСПУБЛИКАНСКАЯ КЛИНИЧЕСКАЯ БОЛЬНИЦА №5""",ПВ ОГВ,ЛУХОВКА Ул. ОКТЯБРЬСКАЯ 6,,,нет,нет,,6200,1550000
УС15,1328160695,"ГБУЗ РМ ""РЕСПУБЛИКАНСКАЯ КЛИНИЧЕСКАЯ БОЛЬНИЦА №5""",ПВ ОГВ,РЕМЗАВОД Ул. РАБОЧАЯ 15,,,нет,нет,,3300,825000
УС15,1326193906,"ГКАУ ""ЦГА РМ""",ПВ ОГВ,Ул. МОСКОВСКАЯ 31,54.171534,45.186642,да,да,,0,0
УС15,1328017600,"МАДОУ ""ЦЕНТР РАЗВИТИЯ РЕБЕНКА - ДЕТСКИЙ САД № 9""",ПВ ОМСУ,Ул. ЮРИЯ СВЯТКИНА 1,,,нет,нет,,700,175000
УС15,1326199584,МИНКУЛЬТНАЦ РМ,ОГВ,Ул. МОСКОВСКАЯ 31,54.171534,45.186642,да,да,,0,0
УС15,1328049305,"МОУ ""ГОРЯЙНОВСКАЯ ОСНОВНАЯ ШКОЛА""",ПВ ОМСУ,Ул. ОРЛОВА 5г,,,нет,нет,,11000,2750000
УС15,1328160060,"МОУ ""ЛУХОВСКИЙ ЛИЦЕЙ""",ПВ ОМСУ,Ул. ОКТЯБРЬСКАЯ 27,54.19564,45.154357,нет,нет,,200,50000
УС15,1326137370,"МОУ ""СРЕДНЯЯ ШКОЛА № 9""",ПВ ОМСУ,Ул. МОСКОВСКАЯ 68,54.171925,45.188574,нет,нет,,100,25000
УС15,1326222770,"ООО ""Альянс Саранск""",Прочее,Ул. РЕСПУБЛИКАНСКАЯ 103,54.173622,45.170437,да,да,,0,0
УС15,7812014560,ПАО Мегафон,Прочее,Ул. РЕСПУБЛИКАНСКАЯ 103,54.173622,45.170437,да,да,,0,0
УС17,1326196216,МИНСОЦТРУДЗАНЯТОСТИ РМ,ОГВ,Ул. ТИТОВА 133,54.172805,45.159280,да,да,,0,0
УС17,1326141930,"МУ ДО ""ДЮСШ №1""",ПВ ОМСУ,Ул. ГРУЗИНСКАЯ 25,,,нет,нет,,500,125000
УС17,1326139320,"МУДО ""ДВОРЕЦ ДЕТСКОГО ТВОРЧЕСТВА""",ПВ ОМСУ,Ул. ГРУЗИНСКАЯ 25,54.175334,45.174281,нет,нет,,220,55000
УС17,1326026260,ФБУ Мордовская ЛСЭ Минюста России,Прочее,Ул. РЕСПУБЛИКАНСКАЯ 94,54.172926,45.159962,да,да,,0,0
УС17,1326192363,"ФКУ ""ГБ МСЭ по Республике Мордовия"" Минтруда России",Прочее,Ул. ТИТОВА 142,54.171782,45.158031,нет,да,,0,0
УС18,1326147850,"ГБПОУ РМ ""САРАНСКОЕ МУЗЫКАЛЬНОЕ УЧИЛИЩЕ ИМЕНИ Л.П. КИРЮКОВА""",ПВ ОГВ,Ул. ГАГАРИНА 108,54.172019,45.153414,нет,нет,,300,75000
УС18,1326137348,"ГБУЗ РМ ""МОРДОВСКИЙ РЕСПУБЛИКАНСКИЙ  ЦЕНТР ПРОФИЛАКТИКИ И БОРЬБЫ СО СПИД""",ПВ ОГВ,Ул. ЩОРСА 35,,,нет,нет,,480,120000
УС18,1326045760,"ГБУЗ РМ ""РЕСПУБЛИКАНСКИЙ НАРКОЛОГИЧЕСКИЙ ДИСПАНСЕР""",ПВ ОГВ,Ул. СЫЧКОВА 7,,,нет,нет,,800,200000
УС18,1328160293,"ГБУЗ РМ ""РОДИЛЬНЫЙ ДОМ” (Женская консультация)",ПВ ОГВ,Ул. М.РАСКОВОЙ 10,54.176467,45.148652,нет,да,да,0,0
УС18,1326233740,"ГКУ РМ ""СЛУЖБА ЗАКАЗЧИКА""",ПВ ОГВ,Ул. ЛАЗО 5А,54.176035,45.149946,да,да,,0,0
УС18,1326193222,"ГКУ РМ ""СУГЗ""",ПВ ОГВ,Ул. М.РАСКОВОЙ 2,54.176088,45.148940,да,да,,0,0
УС18,1326193134,"ГКУ РМ ""УПС""",ПВ ОГВ,Ул. ФУРМАНОВА 15,54.177058,45.150386,нет,да,,0,0
УС18,1326220606,"МАДОУ ""ДЕТСКИЙ САД №47""",ПВ ОМСУ,Ул. МАРИНИНА 34А,,,нет,нет,,780,195000
УС18,1326220469,"МАДОУ ""ДЕТСКИЙ САД №59""",ПВ ОМСУ,Пр. 50 ЛЕТ ОКТЯБРЯ 23,54.175118,45.141466,нет,нет,,240,60000
УС18,1326212411,"МБУДО ""ДШИ № 1""",ПВ ОМСУ,Ул. О.КОШЕВОГО 9,54.175724,45.144718,нет,нет,,120,30000
УС18,1326135742,"МДОУ ""ДЕТСКИЙ САД №44""",ПВ ОМСУ,Пр. 50 ЛЕТ ОКТЯБРЯ 5а,54.172309,45.14973,нет,нет,,300,75000
УС18,1326136707,"МДОУ ""ДЕТСКИЙ САД №55""",ПВ ОМСУ,Ул. КОМАРОВА 3а,54.169684,45.148563,нет,нет,,190,47500
УС18,1326139602,"МДОУ ""ДЕТСКИЙ САД №64""",ПВ ОМСУ,Пр. 50 ЛЕТ ОКТЯБРЯ 16,,,нет,нет,,405,101250
УС18,1326138920,"МДОУ ""ДЕТСКИЙ САД №71""",ПВ ОМСУ,Пр. 50 ЛЕТ ОКТЯБРЯ 44а,54.174438,45.134136,нет,нет,,270,67500
УС18,1326136023,"МОУ ""ГИМНАЗИЯ №23""",ПВ ОМСУ,Ул. КОМАРОВА 7,54.168383,45.148212,нет,нет,,340,85000
УС18,1326135196,"МОУ ""ЛИЦЕЙ № 26""",ПВ ОМСУ,Ул. СЕРАДЗСКАЯ 21,54.173005,45.134441,нет,нет,,100,25000
УС18,1326135767,"МОУ ""СРЕДНЯЯ ШКОЛА № 24""",ПВ ОМСУ,Ул. СЕРАДЗСКАЯ 26 А,54.171803,45.138519,нет,нет,,230,57500
УС18,1326192363,"ФКУ ""ГБ МСЭ по Республике Мордовия"" Минтруда России",Прочее,Ул. М.РАСКОВОЙ 10,54.176467,45.148652,да,да,,0,0
УС20,1327027002,"ГАУ РМ ""СШОР ПО ЛЕГКОЙ АТЛЕТИКЕ""",ПВ ОГВ,Ул. ПОБЕДЫ  3А,54.208938,45.126141,нет,нет,да,250,62500
УС20,1328048580,"ГБОУ РМ ДЛЯ ДЕТЕЙ-СИРОТ И ДЕТЕЙ, ОСТАВШИХСЯ БЕЗ ПОПЕЧЕНИЯ РОДИТЕЛЕЙ ""ЯЛГИНСКИЙ ДЕТСКИЙ ДОМ-ШКОЛА""",ПВ ОГВ,Ул. ПИОНЕРСКАЯ 45,,,нет,нет,,6000,1500000
УС20,1328165397,"ГБУ ДОПОЛНИТЕЛЬНОГО ПРОФЕССИОНАЛЬНОГО ОБРАЗОВАНИЯ РМ ""ЦЕНТР НЕПРЕРЫВНОГО ПОВЫШЕНИЯ ПРОФЕССИОНАЛЬНОГО МАСТЕРСТВА ПЕДАГОГИЧЕСКИХ РАБОТНИКОВ-""ПЕДАГОГ 13.РУ""",ПВ ОГВ,Ул. ТРАНСПОРТНАЯ 19,54.159832,45.146559,нет,да,,0,0
УС20,1327150101,"ГБУ СОЦИАЛЬНОГО ОБСЛУЖИВАНИЯ НАСЕЛЕНИЯ РМ ""САРАНСКИЙ ДОМ-ИНТЕРНАТ ДЛЯ ПРЕСТАРЕЛЫХ И ИНВАЛИДОВ""",ПВ ОГВ,Ул. ПОБЕДЫ 4,54.207311,45.120481,да,да,,0,0
УС20,1326135615,"ГБУЗ РМ ""МОРДОВСКАЯ РЕСПУБЛИКАНСКАЯ СТАНЦИЯ ПЕРЕЛИВАНИЯ КРОВИ""",ПВ ОГВ,Ул. ДАЛЬНЯЯ 3А,54.188671,45.153602,нет,да,,0,0
УС20,1326024898,"ГБУЗ РМ ""РЕСПУБЛИКАНСКАЯ ОФТАЛЬМОЛОГИЧЕСКАЯ БОЛЬНИЦА""",ПВ ОГВ,Ул. ТИТОВА 28,,,нет,нет,,560,140000
УС20,1326045760,"ГБУЗ РМ ""РЕСПУБЛИКАНСКИЙ НАРКОЛОГИЧЕСКИЙ ДИСПАНСЕР""",ПВ ОГВ,Ул. ЛЕСНАЯ 2,54.19063,45.148742,нет,да,,0,0
УС20,1326250470,"ГКУ РМ ""ЛЕСОХОТОХРАНА""",ПВ ОГВ,Пер.. ЧЕРНЫШЕВСКОГО 10,54.19811,45.139561,нет,да,,0,0
УС20,1328159033,"ГКУ РМ ""ЦБ УЧРЕЖДЕНИЙ ОБРАЗОВАНИЯ, ПОДВЕДОМСТВЕННЫХ МО РМ""",ПВ ОГВ,Ул. ТРАНСПОРТНАЯ 19,54.159832,45.146559,нет,да,,0,0
УС20,1326135333,"ГКУЗ РМ ""РМЦ МР ""РЕЗЕРВ"" МИНЗДРАВА РМ""",ПВ ОГВ,Ул. ТИТОВА 28А,,,нет,нет,,700,175000
УС20,1327149240,"ГКУСО РМ ""РЕСПУБЛИКАНСКИЙ СОЦИАЛЬНЫЙ ПРИЮТ ДЛЯ ДЕТЕЙ И ПОДРОСТКОВ ""НАДЕЖДА""",ПВ ОГВ,Ул. Н.ЭРКАЯ 30,,,нет,нет,,800,200000
УС20,1326229736,"МАДОУ ""ЦЕНТР РАЗВИТИЯ РЕБЕНКА - ДЕТСКИЙ САД №14""",ПВ ОМСУ,Ул. ПОЛЕЖАЕВА 115а,,,нет,нет,,430,107500
УС20,1328169673,"МБУДО ""ДШИ № 7""",ПВ ОМСУ,Ул. ПИОНЕРСКАЯ 41а,54.127513,45.128279,нет,нет,,180,45000
УС20,1328169680,"МБУДО ""ДШИ № 8""",ПВ ОМСУ,Ул. ОКТЯБРЬСКАЯ 29,54.148111,45.1545,нет,нет,,210,52500
УС20,1327049447,"МДОУ ""ДЕТСКИЙ САД №122""",ПВ ОМСУ,Ул. Н.ЭРКАЯ 44,54.210534,45.109576,нет,нет,,370,92500
УС20,1326147868,"МДОУ ""ДЕТСКИЙ САД №124""",ПВ ОМСУ,Ул. ЛЕСНАЯ 15,54.190125,45.157177,нет,нет,,140,35000
УС20,1327149160,"МДОУ ""ДЕТСКИЙ САД №20""",ПВ ОМСУ,Ул. МИРОНОВА 7,54.214756,45.111274,нет,нет,,100,25000
УС20,1326135301,"МДОУ ""ДЕТСКИЙ САД №22""",ПВ ОМСУ,Пер.. ДАЧНЫЙ 7,,,нет,нет,,470,117500
УС20,1326194787,МИНЛЕСХОЗ РМ,ОГВ,Пер.. ЧЕРНЫШЕВСКОГО 10,54.19811,45.139561,да,да,,0,0
УС20,1327049493,"МОУ ""ЛИЦЕЙ №31""",ПВ ОМСУ,Ул. МЕТАЛЛУРГОВ 2,,,нет,нет,,550,137500
УС20,1326048169,"МОУ ""СРЕДНЯЯ ОБЩЕОБРАЗОВАТЕЛЬНАЯ ШКОЛА №18""",ПВ ОМСУ,Ул. ГАГАРИНА 13,54.18876,45.15698,нет,нет,,100,25000
УС20,1327049359,"МОУ ""СРЕДНЯЯ ШКОЛА № 38""",ПВ ОМСУ,Ул. МИРОНОВА 8,54.21244,45.112082,нет,нет,,150,37500
УС20,1327049341,"МОУ ""СРЕДНЯЯ ШКОЛА № 41""",ПВ ОМСУ,Ул. Н.ЭРКАЯ 16,,,нет,нет,,1750,437500
УС20,1325026571,"МП ГОРОДСКОГО ОКРУГА САРАНСК ""ЗЕЛЕНОЕ ХОЗЯЙСТВО""",ПВ ОМСУ,Ул. ГОНЧАРОВА 80,,,нет,нет,,830,207500
УС20,1325022400,"МП ГОРОДСКОГО ОКРУГА САРАНСК ""САРАНСКОЕ ВОДОПРОВОДНО-КАНАЛИЗАЦИОННОЕ ХОЗЯЙСТВО""",ПВ ОМСУ,Пер.. ДАЧНЫЙ 2,54.188586,45.164759,нет,нет,,250,62500
УС20,1326138006,"МУ ""ТПМПК""",ПВ ОМСУ,Ул. Н.ЭРКАЯ 16,54.215773,45.111318,нет,нет,,230,57500
УС20,1327150133,"МУ ДО ""ЦЕНТР ЭСТЕТИЧЕСКОГО ВОСПИТАНИЯ ДЕТЕЙ""",ПВ ОМСУ,Ул. МИРОНОВА 10а,54.213108,45.111426,нет,нет,,100,25000
УС20,1326961097,"НО ""РЕСПУБЛИКАНСКИЙ ФОНД КАПИТАЛЬНОГО РЕМОНТА МНОГОКВАРТИРНЫХ ДОМОВ""",ПВ ОГВ,Ул. ЛЕСНАЯ 6,54.189867,45.154447,нет,нет,,250,62500
УС20,1326193381,Управление Роспотребнадзора по Республике Мордовия,Прочее,Ул. ДАЛЬНЯЯ 7,54.18811396021110,45.15338273547200,нет,да,,0,0
УС24,1328009380,"ФБУ ""Мордовский ЦСМ""",Прочее,Ул. А.НЕВСКОГО 64,54.17008003578470,45.15947409525340,да,да,,0,0
УС24,5262130969,ПУМТУ Росстандарта,Прочее,Ул. А.НЕВСКОГО 64,54.17008003578470,45.15947409525340,да,да,,0,0
УС24,7709018297,Мордовский ЦНТИ - филиал ФГБУ «РЭА» Минэнерго России,Прочее,Ул. А.НЕВСКОГО 64,54.17008003578470,45.15947409525340,да,да,,0,0
УС28,1326211834,"АУ ""ТЕХНОПАРК - МОРДОВИЯ""",ПВ ОГВ,Ул. ЛОДЫГИНА 3,54.222390,45.159486,да,да,да,0,0
УС28,1327047880,"ГАПОУ РМ ""САМТ""",ПВ ОГВ,Ул. СОЛНЕЧНАЯ 25,,,нет,нет,,780,195000
УС28,1327149924,"ГАУ ДПО РМ ""МРУКК""",ПВ ОГВ,Ш. ЛЯМБИРСКОЕ 10А,,,нет,нет,,1400,350000
УС28,1326251749,"ГАУЗ РМ ""МОРДОВСКАЯ РЕСПУБЛИКАНСКАЯ СТОМАТОЛОГИЧЕСКАЯ ПОЛИКЛИНИКА""",ПВ ОГВ,Ул. ВЕСЕЛОВСКОГО 56А,,,нет,нет,,500,125000
УС28,1326136457,"ГБОУ РМ ""САРАНСКАЯ ОБЩЕОБРАЗОВАТЕЛЬНАЯ ШКОЛА ДЛЯ ДЕТЕЙ С ОГРАНИЧЕННЫМИ ВОЗМОЖНОСТЯМИ ЗДОРОВЬЯ""",ПВ ОГВ,Пр. 60 ЛЕТ ОКТЯБРЯ 111,54.222100,45.127740,нет,нет,,650,162500
УС28,1327153575,"ГБПОУ РМ ""САРАНСКИЙ СТРОИТЕЛЬНЫЙ ТЕХНИКУМ""",ПВ ОГВ,Ул. ВЕСЕЛОВСКОГО 3,,,нет,нет,,450,112500
УС28,1327157234,"ГБУ ""МОРДОВСКАЯ РЕСПУБЛИКАНСКАЯ ВЕТЕРИНАРНАЯ ЛАБОРАТОРИЯ""",ПВ ОГВ,Ул. ПРОЛЕТАРСКАЯ 139,54.223222,45.183965,нет,нет,,100,25000
УС28,1327036367,"ГБУ ""Мордовская Республиканская СББЖ""",ПВ ОГВ,Ул. ПРОЛЕТАРСКАЯ 139А,54.222916,45.184693,да,да,,0,0
УС28,1327007790,"ГБУ РМ ""КОМПЛЕКСНЫЙ ЦЕНТР СОЦИАЛЬНОГО ОБСЛУЖИВАНИЯ ПО ГОРОДСКОМУ ОКРУГУ САРАНСК""",ПВ ОГВ,Ул. ВЕСЕЛОВСКОГО 16,54.223043,45.145508,да,да,,0,0
УС28,1327007790,"ГБУ РМ ""КОМПЛЕКСНЫЙ ЦЕНТР СОЦИАЛЬНОГО ОБСЛУЖИВАНИЯ ПО ГОРОДСКОМУ ОКРУГУ САРАНСК""",ПВ ОГВ,Ул. ВОИНОВА 29,54.218500,45.114481,нет,нет,да,390,97500
УС28,1326200945,"ГБУ РМ ""СПОРТИВНАЯ ШКОЛА ОЛИМПИЙСКОГО РЕЗЕРВА ПО БОКСУ ИМЕНИ ОЛЕГА МАСКАЕВА""",ПВ ОГВ,Ул. КОВАЛЕНКО 38Б,,,нет,нет,,610,152500
УС28,1326211344,"ГБУ РМ ""СПОРТИВНАЯ ШКОЛА ОЛИМПИЙСКОГО РЕЗЕРВА ПО ФИГУРНОМУ КАТАНИЮ НА КОНЬКАХ""",ПВ ОГВ,Пр. 60 ЛЕТ ОКТЯБРЯ 2/3,54.219521,45.140163,да,нет,,320,80000
УС28,1326136947,"ГБУЗ РМ ""ДЕТСКАЯ ПОЛИКЛИНИКА №1""",ПВ ОГВ,Ул. ЭНЕРГЕТИЧЕСКАЯ 22,,,нет,нет,,900,225000
УС28,1327153014,"ГБУЗ РМ ""ДЕТСКАЯ ПОЛИКЛИНИКА №3""",ПВ ОГВ,Пр. 60 ЛЕТ ОКТЯБРЯ 6А,54.219926,45.132402,нет,да,,0,0
УС28,1326137066,"ГБУЗ РМ ""ДЕТСКАЯ СТОМАТОЛОГИЧЕСКАЯ ПОЛИКЛИНИКА""",ПВ ОГВ,Ул. ВОИНОВА 33,,,нет,нет,,1000,250000
УС28,1327033084,"ГБУЗ РМ ""МОРДОВСКАЯ РЕСПУБЛИКАНСКАЯ ЦЕНТРАЛЬНАЯ КЛИНИЧЕСКАЯ БОЛЬНИЦА""",ПВ ОГВ,Ул. ПОБЕДЫ 14/3,54.206548,45.113474,нет,да,да,0,0
УС28,1327023093,"ГБУЗ РМ ""ПОЛИКЛИНИКА № 2""",ПВ ОГВ,Пр. 60 ЛЕТ ОКТЯБРЯ 8,54.21969909438790,45.13023822753870,нет,да,да,0,0
УС28,1327023093,"ГБУЗ РМ ""ПОЛИКЛИНИКА № 2""",ПВ ОГВ,Пр. ПУШКИНА 44А,,,нет,нет,,950,237500
УС28,1328159499,"ГБУЗ РМ ""РЕСПУБЛИКАНСКИЙ ДЕТСКИЙ САНАТОРИЙ ""ЛЕСНАЯ СКАЗКА""",ПВ ОГВ,Ш. ЛЯМБИРСКОЕ 4,,,нет,нет,,1300,325000
УС28,1328160293,"ГБУЗ РМ ""РОДИЛЬНЫЙ ДОМ""",ПВ ОГВ,Ул. КОВАЛЕНКО 40,,,нет,нет,,400,100000
УС28,1326209761,"ГКУ ""СОЦЗАЩИТА НАСЕЛЕНИЯ ПО Г.О. САРАНСК""",ПВ ОГВ,Ул. ВОИНОВА 29,54.2185,45.114481,нет,нет,,150,37500
УС28,1327009268,"ГКУ РМ ""ЦБ ОРГАНИЗАЦИЙ ВЕТЕРИНАРИИ, ПОДВЕДОМСТВЕННЫХ РЕСПУБЛИКАНСКОЙ ВЕТСЛУЖБЕ РМ""",ПВ ОГВ,Ул. ПРОЛЕТАРСКАЯ 139А,54.222916,45.184693,нет,да,,0,0
УС28,1326188021,"ГКУРМ ""Мордовская РАСС""",ПВ ОГВ,Ул. ЛОДЫГИНА 6А,54.219542,45.163025,нет,да,,0,0
УС28,1327039551,"ГУП РМ ""МЕДТЕХНИКА""",ПВ ОГВ,Ул. ПРОЛЕТАРСКАЯ 137,54.223327,45.182384,нет,нет,,100,25000
УС28,1327150415,"МАДОУ ""ДЕТСКИЙ САД № 104""",ПВ ОМСУ,Ул. КОВАЛЕНКО 10А,54.216673,45.12173,нет,нет,,320,80000
УС28,1327048073,"МАДОУ ""ДЕТСКИЙ САД №18""",ПВ ОМСУ,Ул. ВЕСЕЛОВСКОГО 55,54.223438,45.122646,нет,нет,,230,57500
УС28,1327048073,"МАДОУ ""ДЕТСКИЙ САД №18""",ПВ ОМСУ,Ул. ЕСЕНИНА 5,,,нет,нет,,720,180000
УС28,1327150197,"МАДОУ ""ДЕТСКИЙ САД №42""",ПВ ОМСУ,Пр. 60 ЛЕТ ОКТЯБРЯ 23,54.221932,45.144152,нет,нет,,550,137500
УС28,1327149177,"МАДОУ ""ДЕТСКИЙ САД №89""",ПВ ОМСУ,Пр. 60 ЛЕТ ОКТЯБРЯ 12,54.219295,45.124847,нет,нет,,470,117500
УС28,1327017727,"МАДОУ ""ЦЕНТР РАЗВИТИЯ РЕБЕНКА - ДЕТСКИЙ САД № 6""",ПВ ОМСУ,Ул. СОЛНЕЧНАЯ 11,54.230527,45.147862,нет,нет,,190,47500
УС28,1327152701,"МАДОУ ""ЦРР - ДЕТСКИЙ САД № 58""",ПВ ОМСУ,Пр. 60 ЛЕТ ОКТЯБРЯ 99,54.221974,45.130866,нет,нет,,220,55000
УС28,1327014331,"МАОУ ""СРЕДНЯЯ ОБЩЕОБРАЗОВАТЕЛЬНАЯ ШКОЛА № 10""",ПВ ОМСУ,Ул. СОЛНЕЧНАЯ 27,54.231759,45.14214,нет,нет,,230,57500
УС28,1327155685,"МБУДО ""ДМШ № 4 ИМ. Л. ВОИНОВА""",ПВ ОМСУ,Пр. 60 ЛЕТ ОКТЯБРЯ 12А,54.218947,45.123886,нет,нет,,100,25000
УС28,1327155692,"МБУДО ""ДХШ № 2""",ПВ ОМСУ,Ул. ВЕСЕЛОВСКОГО 38Б,54.223022,45.1379,нет,нет,,200,50000
УС28,1327046118,"МБУК ""ДОМ КУЛЬТУРЫ ""ЛУЧ""",ПВ ОМСУ,Ул. ВЕСЕЛОВСКОГО 40А,54.225285,45.136247,нет,нет,,330,82500
УС28,1327049366,"МДОУ ""ДЕТСКИЙ САД № 121""",ПВ ОМСУ,Ул. КОВАЛЕНКО 55А,54.210871,45.114624,нет,нет,,330,82500
УС28,1328159555,"МДОУ ""ДЕТСКИЙ САД № 81""",ПВ ОМСУ,Ул. ВАКЕЕВА 1,,,нет,нет,,560,140000
УС28,1327049479,"МДОУ ""ДЕТСКИЙ САД №103""",ПВ ОМСУ,Ул. КОВАЛЕНКО 62,54.210713,45.122808,нет,нет,,160,40000
УС28,1328161321,"МДОУ ""ДЕТСКИЙ САД №116""",ПВ ОМСУ,Ул. КООПЕРАТИВНАЯ 9,54.21602,45.196092,нет,нет,,100,25000
УС28,1327048066,"МДОУ ""ДЕТСКИЙ САД №68""",ПВ ОМСУ,Ул. ВЕСЕЛОВСКОГО 46,54.223548,45.136148,нет,нет,,240,60000
УС28,1327048080,"МДОУ ""ДЕТСКИЙ САД №78""",ПВ ОМСУ,Ул. ПУШКИНА 50,,,нет,нет,,480,120000
УС28,1327152691,"МДОУ ""ДЕТСКИЙ САД №79""",ПВ ОМСУ,Ул. ПУШКИНА 6,54.226827,45.141744,нет,нет,,320,80000
УС28,1327049461,"МДОУ ""ДЕТСКИЙ САД №86""",ПВ ОМСУ,Ул. ВЕСЕЛОВСКОГО 29,54.22848,45.13207,нет,нет,,300,75000
УС28,1327049422,"МДОУ ""ДЕТСКИЙ САД №91""",ПВ ОМСУ,Пр. 60 ЛЕТ ОКТЯБРЯ 31,54.222222,45.141879,нет,нет,,180,45000
УС28,1327049510,"МДОУ ""ДЕТСКИЙ САД №98""",ПВ ОМСУ,Пр. 60 ЛЕТ ОКТЯБРЯ 24,54.221,45.118173,нет,нет,,100,25000
УС28,1327049398,"МОУ ""ГИМНАЗИЯ №29""",ПВ ОМСУ,Ул. ЕСЕНИНА 14А,54.224401,45.119861,нет,нет,,210,52500
УС28,1327049415,"МОУ ""ЛИЦЕЙ № 25 ИМЕНИ ГЕРОЯ СОВЕТСКОГО СОЮЗА В.Ф.МАРГЕЛОВА""",ПВ ОМСУ,Ул. ПУШКИНА 22,,,нет,нет,,620,155000
УС28,1327049430,"МОУ ""СРЕДНЯЯ ШКОЛА № 1""",ПВ ОМСУ,Пр. 60 ЛЕТ ОКТЯБРЯ 101,54.223074,45.130515,нет,нет,,320,80000
УС28,1327049454,"МОУ ""СРЕДНЯЯ ШКОЛА № 27""",ПВ ОМСУ,Ул. ВЕСЕЛОВСКОГО 39,54.226806,45.125269,нет,нет,,200,50000
УС28,1328049295,"МОУ ""СРЕДНЯЯ ШКОЛА №3""",ПВ ОМСУ,Ул. ЭНЕРГЕТИЧЕСКАЯ 10а,,,нет,нет,,1400,350000
УС28,1327149410,"МОУ ""СРЕДНЯЯ ШКОЛА №35""",ПВ ОМСУ,Ул. КОВАЛЕНКО 21,54.219263,45.116385,нет,нет,,200,50000
УС28,1327049373,"МОУ ""СРЕДНЯЯ ШКОЛА №37""",ПВ ОМСУ,Ул. КОВАЛЕНКО 38А,54.212435,45.123527,нет,нет,,140,35000
УС28,1327049486,"МОУ ""СРЕДНЯЯ ШКОЛА №5""",ПВ ОМСУ,Ул. ВЕСЕЛОВСКОГО 16А,54.223269,45.143325,нет,нет,,200,50000
УС28,1325126382,"МП ГОРОДСКОГО ОКРУГА САРАНСК ""ГОРСВЕТ""",ПВ ОМСУ,Ул. ПРОЛЕТАРСКАЯ 133,54.218842,45.182501,нет,нет,да,360,90000
УС28,1327154434,"МП ГОРОДСКОГО ОКРУГА САРАНСК ""ГОРЭЛЕКТРОТРАНС""",ПВ ОМСУ,Ул. ЛОДЫГИНА 4,54.217573,45.163439,нет,нет,да,150,37500
УС28,1328165340,"МУФКС ""КОННОСПОРТИВНЫЙ КОМПЛЕКС""",ПВ ОМСУ,Ул. ГОРНАЯ 14,,,нет,нет,,440,110000
УС28,7703476068,"ООО ""Энерго Капитал""",Прочее,Ул. ЛОДЫГИНА 3,54.222390,45.159486,да,да,,0,0
УС28,1326028980,РЕСПУБЛИКАНСКАЯ ВЕТЕРИНАРНАЯ СЛУЖБА РМ,ОГВ,Ул. ПРОЛЕТАРСКАЯ 139А,54.222916,45.184693,да,да,,0,0
УС28,7736522023,"ООО “Фрезениус Нефрокеа""",Прочее,Ул. ПОБЕДЫ 8,54.207624,45.117121,нет,нет,,100,25000
УС28,1326219230,"ООО ""Новые Решения""",Прочее,Ул. ЛОДЫГИНА 3,54.222390,45.159486,да,да,,0,0
УС29,7725545445,"АО ""Ретннет""",Прочее,Ул. ОСИПЕНКО 37,54.16560624352550,45.166348999999900,да,да,,0,0
УС29,1326200279,"ГАУ ""ГОСЭКСПЕРТИЗА РМ""",ПВ ОГВ,Ул. ОСИПЕНКО 37,54.16560624352550,45.166348999999900,да,да,,0,0
УС29,1326198661,"ГАУ РМ ""ГОСИНФОРМ""",ПВ ОГВ,Ул. ОСИПЕНКО 37,54.16560624352550,45.166348999999900,нет,да,да,0,0
УС29,1326200737,"ГАУ РМ ""СШОР ПО ЗИМНИМ ВИДАМ СПОРТА""",ПВ ОГВ,Ул. ЭНГЕЛЬСА 31,54.159084,45.128108,да,нет,,100,25000
УС29,1327150260,"ГБПОУ РМ ""САРАНСКИЙ ТЕХНИКУМ СФЕРЫ УСЛУГ И ПРОМЫШЛЕННЫХ ТЕХНОЛОГИЙ""",ПВ ОГВ,Ул. ТРАНСПОРТНАЯ 9,54.159674,45.153243,нет,нет,,300,75000
УС29,1328160328,"ГБПОУ РМ ""САРАНСКИЙ ЭЛЕКТРОМЕХАНИЧЕСКИЙ КОЛЛЕДЖ""",ПВ ОГВ,Ул. ТРАНСПОРТНАЯ 11,54.159838,45.150979,нет,нет,,190,47500
УС29,1326201314,"ГБУ РМ ""СПОРТИВНАЯ ШКОЛА ОЛИМПИЙСКОГО РЕЗЕРВА ПО СПОРТИВНОЙ ГИМНАСТИКЕ Л.Я. АРКАЕВА""",ПВ ОГВ,Ул. УЛЬЯНОВА 24Б,54.165916,45.134603,да,нет,,410,102500
УС29,1326141263,"ГБУ РМ ""СПОРТИВНАЯ ШКОЛА ОЛИМПИЙСКОГО РЕЗЕРВА СПОРТИВНОЙ БОРЬБЫ И ДЗЮДО А.В. МИШИНА""",ПВ ОГВ,Ул. УЛЬЯНОВА 18А/1,54.162184,45.152012,да,нет,,100,25000
УС29,1325029741,"ГБУ РМ ""ТЕРРИТОРИАЛЬНЫЙ ФОНД СОЦИАЛЬНОЙ ПОДДЕРЖКИ НАСЕЛЕНИЯ""",ПВ ОГВ,Ул. М.РАСКОВОЙ 14,,,нет,нет,,400,100000
УС29,1326248390,"ГБУ РМ ""ЦЕНТР СПОРТИВНОЙ ПОДГОТОВКИ""",ПВ ОГВ,Ул. ЭНГЕЛЬСА 33,,,нет,нет,,1100,275000
УС29,1326045802,"ГБУЗ РМ ""ДЕТСКАЯ ПОЛИКЛИНИКА №2""",ПВ ОГВ,Ул. СЕРАДЗСКАЯ 28,54.172267,45.136184,нет,нет,,360,90000
УС29,1326045802,"ГБУЗ РМ ""ДЕТСКАЯ ПОЛИКЛИНИКА №2""",ПВ ОГВ,ЯЛГА Ул. МИЧУРИНА 34,,,нет,нет,,5500,1375000
УС29,1326220483,"ГБУЗ РМ ""ДЕТСКАЯ РЕСПУБЛИКАНСКАЯ КЛИНИЧЕСКАЯ БОЛЬНИЦА""",ПВ ОГВ,Ул. Р.ЛЮКСЕМБУРГ 15,,,нет,нет,,1400,350000
УС29,1326038178,"ГБУЗ РМ ""МОРДОВСКИЙ РЕСПУБЛИКАНСКИЙ КОЖНО-ВЕНЕРОЛОГИЧЕСКИЙ ДИСПАНСЕР""",ПВ ОГВ,Ул. УЛЬЯНОВА 32,,,нет,нет,,520,130000
УС29,1326165144,"ГБУЗ РМ ""ПОЛИКЛИНИКА № 4""",ПВ ОГВ,НИКОЛАЕВКА Пл. ШКОЛЬНАЯ 2,,,нет,нет,,5000,1250000
УС29,1326165144,"ГБУЗ РМ ""ПОЛИКЛИНИКА № 4""",ПВ ОГВ,Ул. УЛЬЯНОВА 30А,54.169236,45.130596,нет,нет,да,390,97500
УС29,1326165144,"ГБУЗ РМ ""ПОЛИКЛИНИКА № 4""",ПВ ОГВ,ЯЛГА Ул. РОССИЙСКАЯ 27,,,нет,нет,,5000,1250000
УС29,1325126865,"ГБУЗ РМ ""РЕСПУБЛИКАНСКАЯ КЛИНИЧЕСКАЯ БОЛЬНИЦА №4""",ПВ ОГВ,Ул. УЛЬЯНОВА 32,54.167571,45.127785,нет,нет,да,180,45000
УС29,1326230749,"ГБУЗ РМ ""РЕСПУБЛИКАНСКИЙ ГОСПИТАЛЬ""",ПВ ОГВ,Ул. Р.ЛЮКСЕМБУРГ 11А,,,нет,нет,,1300,325000
УС29,1326134266,"ГБУЗ РМ ""РЕСПУБЛИКАНСКИЙ ОНКОЛОГИЧЕСКИЙ ДИСПАНСЕР""",ПВ ОГВ,Ул. УЛЬЯНОВА 30,54.166822,45.1295,нет,нет,,100,25000
УС29,1326208542,"ГКУ ""УПРДОР РМ""",ПВ ОГВ,Ул. ОСИПЕНКО 37,54.16560624352550,45.166348999999900,да,да,,0,0
УС29,1326233531,"ГКУ РМ ""УПРАВЛЕНИЕ ПО ОБЕСПЕЧЕНИЮ ДЕЯТЕЛЬНОСТИ ЖКК РМ""",ПВ ОГВ,Левжа,54.101793,45.053443,да,нет,,15000,3750000
УС29,1326048458,"ГКУЗ РМ ""РПТД""",ПВ ОГВ,Ул. УЛЬЯНОВА 34,,,нет,нет,,930,232500
УС29,1325031476,ГОСКОМИМУЩЕСТВО РМ,ОГВ,Ул. ОСИПЕНКО 37,54.16560624352550,45.166348999999900,да,да,,0,0
УС29,1326228210,"МАДОУ ""ДЕТСКИЙ САД №76""",ПВ ОМСУ,Ул. ПОПОВА 67,,,нет,нет,,480,120000
УС29,1326225065,"МАДОУ ""ЦЕНТР РАЗВИТИЯ РЕБЕНКА - ДЕТСКИЙ САД №4""",ПВ ОМСУ,Ул. ПОПОВА 64Б,54.170591,45.133103,нет,нет,,100,25000
УС29,1326184027,"МБУДО ""ДХШ № 4""",ПВ ОМСУ,Ул. М.РАСКОВОЙ 15,54.174549,45.14594,нет,нет,,100,25000
УС29,1328168327,"МДОУ ""ДЕТСКИЙ САД №101""",ПВ ОМСУ,Ул. ЛОМОНОСОВА 4,,,нет,нет,,720,180000
УС29,1328164724,"МДОУ ""ДЕТСКИЙ САД №114""",ПВ ОМСУ,Ул. МОЛОДЕЖНАЯ 18,54.164029,45.157294,нет,нет,,190,47500
УС29,1328002441,"МДОУ ""ДЕТСКИЙ САД №115""",ПВ ОМСУ,ЗЫКОВО Ул. ЮЖНАЯ 29,,,нет,нет,,500,125000
УС29,1328008531,"МДОУ ""ДЕТСКИЙ САД №118""",ПВ ОМСУ,Ул. ШКОЛЬНАЯ 19,,,нет,нет,,7300,1825000
УС29,1326135220,"МДОУ ""ДЕТСКИЙ САД №65""",ПВ ОМСУ,Ул. ПОПОВА 48,54.167323,45.144987,нет,нет,,140,35000
УС29,1326136263,"МДОУ ""ДЕТСКИЙ САД №70""",ПВ ОМСУ,Ул. ПОПОВА 61А,54.170855,45.137747,нет,нет,,145,36250
УС29,1326136714,"МДОУ ""ДЕТСКИЙ САД №87""",ПВ ОМСУ,Ул. Р.ЛЮКСЕМБУРГ 34,54.168651,45.124614,нет,нет,,220,55000
УС29,1327155572,Межрайонная ИФНС России № 1 по Республике Мордовия,Прочее,Ул. ВЕСЕЛОВСКОГО 38А,54.2223,45.139301,нет,нет,,300,75000
УС29,1325127837,МИНЖИЛКОМХОЗ РМ,ОГВ,Ул. ОСИПЕНКО 37,54.16560624352550,45.166348999999900,да,да,,0,0
УС29,1326199584,МИНКУЛЬТНАЦ РМ,ОГВ,Ул. ОСИПЕНКО 37,54.16560624352550,45.166348999999900,да,да,,0,0
УС29,1326194787,МИНЛЕСХОЗ РМ,ОГВ,Ул. ОСИПЕНКО 37,54.16560624352550,45.166348999999900,да,да,,0,0
УС29,1326047197,МИНОБРАЗОВАНИЕ РМ,ОГВ,Ул. ОСИПЕНКО 37,54.16560624352550,45.166348999999900,да,да,,0,0
УС29,1326134322,МИНСЕЛЬХОЗПРОД РМ,ОГВ,Ул. ОСИПЕНКО 37,54.16560624352550,45.166348999999900,да,да,,0,0
УС29,1326196216,МИНСОЦТРУДЗАНЯТОСТИ РМ,ОГВ,Ул. ОСИПЕНКО 37,54.16560624352550,45.166348999999900,да,да,,0,0
УС29,1300050318,МИНФИН РМ,ОГВ,Ул. ОСИПЕНКО 37,54.16560624352550,45.166348999999900,да,да,,0,0
УС29,1326135968,МИНЭКОНОМИКИ РМ,ОГВ,Ул. ОСИПЕНКО 37,54.16560624352550,45.166348999999900,да,да,,0,0
УС29,1328160286,"МОУ ""ЗЫКОВСКАЯ СРЕДНЯЯ ШКОЛА""",ПВ ОМСУ,ЗЫКОВО Ул. СОВЕТСКАЯ 124А,,,нет,нет,,2300,575000
УС29,1328159940,"МОУ ""МОНАСТЫРСКАЯ ОСНОВНАЯ ОБЩЕОБРАЗОВАТЕЛЬНАЯ ШКОЛА""",ПВ ОМСУ,Ул. ШКОЛЬНАЯ 19,54.086185,45.132492,нет,нет,,340,85000
УС29,1328159210,"МОУ ""НИКОЛАЕВСКАЯ СРЕДНЯЯ ШКОЛА""",ПВ ОМСУ,ПЛ ШКОЛЬНАЯ 16,54.148702,45.14655,нет,нет,,360,90000
УС29,1328160543,"МОУ ""СРЕДНЯЯ ШКОЛА № 22""",ПВ ОМСУ,Ул. ПАВЛИКА МОРОЗОВА 11,,,нет,нет,,810,202500
УС29,1326135319,"МОУ ""СРЕДНЯЯ ШКОЛА № 33""",ПВ ОМСУ,Ул. Р.ЛЮКСЕМБУРГ 28,54.17019,45.1235,нет,нет,,160,40000
УС29,1326048105,"МОУ ""СРЕДНЯЯ ШКОЛА № 8""",ПВ ОМСУ,Ул. М.РАСКОВОЙ 17,54.172546,45.142777,нет,нет,,320,80000
УС29,1328159756,"МОУ ""ЯЛГИНСКАЯ СРЕДНЯЯ ОБЩЕОБРАЗОВАТЕЛЬНАЯ ШКОЛА""",ПВ ОМСУ,Ул. МИЧУРИНА 34а,54.125402,45.127371,нет,нет,,370,92500
УС29,1326135809,"МУ ДО ""ЦЕНТР ДЕТСКОГО ТВОРЧЕСТВА №2""",ПВ ОМСУ,Ул. УЛЬЯНОВА 75,54.165642,45.144035,нет,нет,,210,52500
УС29,1326198485,"МУФКС ""СТАДИОН ""САРАНСК""",ПВ ОМСУ,Ул. УЛЬЯНОВА 24,54.167481,45.1326,нет,нет,,100,25000
УС29,1326233490,"ООО ""ЕСК РМ""",Прочее,Ул. ОСИПЕНКО 37,54.16560624352550,45.166348999999900,да,да,,0,0
УС29,1324002634,"ООО ""РМР ЦТ""",Прочее,Ул. ОСИПЕНКО 37,54.16560624352550,45.166348999999900,да,да,,0,0
УС29,5258097148,"ООО ""Аэль-РТС"" Инжиниринг",Прочее,Ул. ОСИПЕНКО 37,54.16560624352550,45.166348999999900,да,да,,0,0